species_id,species_name,scientific_name,authorship,iucn_code,superorder,order,family,genus
1283,,,,44619,,,,
1284,,,,,,,,
106,,,Werner 1904 ,,,,,
1285,,,,,,,,
378,,,Last et al 2016,,,,,
677,,,Last et al 2016,,,,,
1286,,,,,,,,
1132,,,White et al 2015,,,,,
1287,,,,,,,,
1288,,,,,,,,
1,,,Linnaeus 1758 ,,,,,
2,,,Duméril 1865 ,,,,,
3,,,Bory de Saint-Vincent 1823 ,,,,,
4,,,"Last, White & Pogonoski 2008 ",,,,,
5,,,"Kemper, Ebert, Didier & Compagno 2010 ",,,,,
6,,,Howell Rivero 1936 ,,,,,
7,,,"Didier, Last & White 2008 ",,,,,
8,,,Tanaka 1905 ,,,,,
9,,,Didier 2002 ,,,,,
10,,,"Didier, Last & White 2008 ",,,,,
11,,,Linnaeus 1758 ,,,,,
12,,,"Kemper, Ebert, Compagno & Didier 2010 ",,,,,
13,,,"Didier, Last & White 2008 ",,,,,
14,,,"Luchetti, Iglésias & Sellos 2011 ",,,,,
15,,,Tanaka 1905 ,,,,,
16,,,Didier 1998 ,,,,,
17,,,Jordan & Snyder 1900 ,,,,,
18,,,de Brito Capello 1868 ,,,,,
19,,,Gilchrist 1922 ,,,,,
20,,,Bigelow & Schroeder 1951 ,,,,,
21,,,"Quaranta, Didier, Long & Ebert 2006 ",,,,,
22,,,Garman 1908 ,,,,,
23,,,Didier 2002 ,,,,,
24,,,Lay & Bennett 1839 ,,,,,
25,,,Jordan & Snyder 1904 ,,,,,
26,,,Gilbert 1905 ,,,,,
27,,,Didier 2008 ,,,,,
28,,,Whitley 1939 ,,,,,
29,,,"Moura, Figueiredo, Bordalo-Machado, Almeida & Gordo 2005 ",,,,,
30,,,de Buen 1959 ,,,,,
31,,,Didier 2008 ,,,,,
32,,,Soto & Vooren 2004 ,,,,,
33,,,"Barnett, Didier, Long & Ebert 2006 ",,,,,
34,,,"James, Ebert, Long & Didier 2009 ",,,,,
35,,,Collett 1904 ,,,,,
36,,,Jordan & Snyder 1904 ,,,,,
37,,,Fowler 1911 ,,,,,
38,,,Waite 1898 ,,,,,
39,,,Hardy & Stehmann 1990 ,,,,,
40,,,Gilbert 1905 ,,,,,
41,,,Didier & Séret 2002 ,,,,,
42,,,Karrer 1972 ,,,,,
43,,,Goode & Bean 1895 ,,,,,
44,,,Bullis & Carpenter 1966 ,,,,,
45,,,Schnakenbeck 1931,,,,,
46,,,Didier & Stehmann 1996 ,,,,,
47,,,"Compagno, Stehmann & Ebert 1990 ",,,,,
48,,,Holt & Byrne 1909 ,,,,,
49,,,Mitsukuri 1895 ,,,,,
50,,,Nishida & Nakaya 1988 ,,,,,
51,,,Last et al 2016,,,,,
52,,,Hildebrand & Schroeder 1928 ,,,,,
53,,,Last et al 2016,,,,,
54,,,Hutton 1875 ,,,,,
55,,,Mitchill 1815 ,,,,,
56,,,Smith 1828 ,,,,,
57,,,"Santos, Gomes & Charvet-Almeida 2004 ",,,,,
58,,,Jordan & Gilbert 1880 ,,,,,
59,,,Ogilby 1908 ,,,,,
60,,,Stauch & Blanc 1962 ,,,,,
61,,,Boeseman 1948 ,,,,,
62,,,Lindberg 1930 ,,,,,
63,,,Bloch & Schneider 1801 ,,,,,
64,,,DeKay 1842 ,,,,,
65,,,Santos & Carvalho 2004 ,,,,,
66,,,Nishida & Nakaya 1988 ,,,,,
67,,,Chu 1960 ,,,,,
68,,,Roberts & Karnasuta 1987 ,,,,,
69,,,Garman 1880 ,,,,,
70,,,Garman 1880 ,,,,,
71,,,Last et al 2016,,,,,
72,,,Compagno & Roberts 1984 ,,,,,
73,,,"Gomes, Rosa & Gadig 2000 ",,,,,
74,,,Steindachner 1892 ,,,,,
75,,,Miyosi 1939 ,,,,,
76,,,Annandale 1908 ,,,,,
77,,,Tokarev 1959 ,,,,,
78,,,Steindachner 1892 ,,,,,
79,,,Last & White 2008 ,,,,,
80,,,Linnaeus 1758 ,,,,,
81,,,Günther 1870 ,,,,,
82,,,Lesueur 1824 ,,,,,
83,,,Lesueur 1817 ,,,,,
84,,,Steindachner 1892 ,,,,,
85,,,Ogilby 1899 ,,,,,
86,,,Capapé 1977 ,,,,,
87,,,Jordan & Hubbs 1925 ,,,,,
88,,,Müller & Henle 1841 ,,,,,
89,,,"Last, Manjaji-Matsumoto & Pogonoski 2008 ",,,,,
90,,,Last & Manjaji-Matsumoto 2008 ,,,,,
91,,,Jordan & Seale 1906 ,,,,,
93,,,Macleay 1883 ,,,,,
94,,,"Last, Manjaji-Matsumoto & Kailola 2006 ",,,,,
95,,,Bloch & Schneider 1801 ,,,,,
96,,,Annandale 1909 ,,,,,
97,,,Vidthayanon & Roberts 2005 ,,,,,
98,,,Manjaji-Matsumoto & Last 2008 ,,,,,
99,,,Manjaji-Matsumoto & Last 2006 ,,,,,
100,,,Blyth 1860 ,,,,,
101,,,Sauvage 1878 ,,,,,
102,,,Beebe & Tee-Van 1941 ,,,,,
103,,,Bleeker 1852 ,,,,,
104,,,Bleeker 1852,,,,,
105,,,"Last, Manjaji-Matsumoto & Moore 2012 ",,,,,
107,,,Compagno & Roberts 1982 ,,,,,
108,,,Whitley 1939 ,,,,,
109,,,Bleeker 1852 ,,,,,
110,,,Gmelin 1789 ,,,,,
111,,,Bleeker 1852 ,,,,,
112,,,Müller & Henle 1841 ,,,,,
113,,,Roberts 2007 ,,,,,
114,,,Last 1987 ,,,,,
115,,,Müller & Henle 1841 ,,,,,
116,,,Last 1987 ,,,,,
117,,,"Last, White & Puckridge 2010 ",,,,,
118,,,Last & White 2008 ,,,,,
92,,,Gray 1851 ,,,,,
119,,,Macleay 1883 ,,,,,
120,,,Last & Manjaji-Matsumoto 2010 ,,,,,
121,,,Forskål 1775 ,,,,,
122,,,"Last, Manjaji & Yearsley 2005 ",,,,,
123,,,"Last, Fahmi & Naylor 2010 ",,,,,
124,,,Bonaparte 1832 ,,,,,
125,,,Forskål 1775 ,,,,,
126,,,Geoffroy Saint-Hilaire 1817 ,,,,,
127,,,Müller & Henle 1841 ,,,,,
128,,,Bloch & Schneider 1801 ,,,,,
129,,,Smith 1863 ,,,,,
130,,,Smith et al 2009,,,,,
131,,,Linnaeus 1758 ,,,,,
132,,,Ramsay & Ogilby 1886 ,,,,,
133,,,Shen et al 2012,,,,,
134,,,Peters 1869 ,,,,,
135,,,Yokata & Carvalho 2013,,,,,
136,,,Lowe 1843 ,,,,,
137,,,Temminck & Schlegel 1850 ,,,,,
138,,,Cooper 1864 ,,,,,
139,,,Bloch & Schneider 1801 ,,,,,
140,,,Gilchrist & Thompson 1911 ,,,,,
141,,,Shaw 1804 ,,,,,
142,,,Müller & Henle 1841 ,,,,,
143,,,Bleeker 1852 ,,,,,
144,,,Heemstra & Smith 1980 ,,,,,
147,,,Weigmann 2016,,,,,
148,,,Last et al 2016,,,,,
150,,,Last et al 2016,,,,,
154,,,Last et al 2016,,,,,
157,,,White & Naylor 2016,,,,,
158,,,White & Naylor 2017,,,,,
159,,,Gray 1834 ,,,,,
160,,,Bloch & Schneider 1801 ,,,,,
161,,,Bleeker 1852 ,,,,,
162,,,Linnaeus 1758 ,,,,,
163,,,Last & Stevens 2009,,,,,
164,,,Gill 1865,,,,,
146,,,Last et al 2016,,,,,
149,,,Bancroft 1831 ,,,,,
151,,,Müller & Henle 1841 ,,,,,
152,,,Bonnaterre 1788 ,,,,,
153,,,Notarbartolo-di-Sciara 1987 ,,,,,
155,,,Philippi 1892 ,,,,,
165,,,Philippi 1892 ,,,,,
166,,,Lesueur 1824 ,,,,,
167,,,Garman 1885 ,,,,,
168,,,Ogilby 1911 ,,,,,
169,,,Applegate & Fitch 1964 ,,,,,
170,,,Garman 1913 ,,,,,
171,,,Last et al 2016,,,,,
172,,,"Ruocco, Lucifora, D’az de Astarloa, Mabraga–a & Delpiani 2012",,,,,
173,,,Hector 1877 ,,,,,
174,,,Bleeker 1854 ,,,,,
175,,,Last et al 2016,,,,,
176,,,Last et al 2016,,,,,
177,,,Wallace 1967 ,,,,,
178,,,Carvalho & Lovejoy 2011 ,,,,,
179,,,Carvalho & Lovejoy 2011 ,,,,,
180,,,Müller & Henle 1841 ,,,,,
181,,,"Rosa, Castello & Thorson 1987 ",,,,,
182,,,Carvalho & Ragno 2011 ,,,,,
183,,,"Rosa, Carvalho & Almeida Wanderley 2008 ",,,,,
184,,,Günther 1880 ,,,,,
185,,,Silva & Carvalho 2011 ,,,,,
186,,,Vaillant 1880 ,,,,,
187,,,Last et al 2016,,,,,
188,,,Castex & Maciel 1963 ,,,,,
190,,,Müller & Henle 1834 ,,,,,
191,,,Garman 1913 ,,,,,
193,,,Valenciennes in Duméril 1865 ,,,,,
194,,,Deynat 2006 ,,,,,
195,,,Müller & Henle 1841 ,,,,,
196,,,Engelhardt 1912 ,,,,,
197,,,Castelnau 1855 ,,,,,
198,,,Fernández-Yépez 1958 ,,,,,
199,,,Castex 1964 ,,,,,
200,,,Garman 1913 ,,,,,
202,,,Silva & Carvalho 2011 ,,,,,
203,,,"Carvalho, Sabaj Pérez & Lovejoy 2011 ",,,,,
204,,,Castex & Castello 1970 ,,,,,
205,,,Last et al 2010,,,,,
206,,,Mitchill 1815 ,,,,,
192,,,Castex & Castello 1970 ,,,,,
201,,,Garman 1913 ,,,,,
207,,,Müller 1836 ,,,,,
208,,,Last et al 2016,,,,,
209,,,Müller & Henle 1841 ,,,,,
210,,,Boulenger 1895 ,,,,,
211,,,Geoffroy Saint-Hilaire 1817 ,,,,,
212,,,Ogilby 1912 ,,,,,
213,,,Last et al 2016,,,,,
214,,,Misra 1946,,,,,
215,,,Evermann & Jenkins 1891 ,,,,,
216,,,Last & Yearsley 2008 ,,,,,
217,,,"Yearsley, Last & Gomon 2008 ",,,,,
218,,,Whitley 1939 ,,,,,
219,,,Last & Gomon 1987 ,,,,,
220,,,Last & Gomon 1987 ,,,,,
221,,,Müller & Henle 1841 ,,,,,
222,,,Müller & Henle 1841 ,,,,,
223,,,Müller & Henle 1841 ,,,,,
224,,,Macleay 1884 ,,,,,
225,,,McKay 1966 ,,,,,
226,,,Lacepde 1804 ,,,,,
227,,,Séret & Last 2003 ,,,,,
228,,,McCulloch 1916 ,,,,,
229,,,Last & Gomon 1987 ,,,,,
230,,,Scott 1954 ,,,,,
231,,,Martens 1864 ,,,,,
232,,,Günther 1880 ,,,,,
233,,,Yearsley & Last 2006 ,,,,,
234,,,McKay 1966 ,,,,,
235,,,Last & Gomon 1987 ,,,,,
236,,,Séret & Last 2003 ,,,,,
237,,,Last & Gomon 1987 ,,,,,
238,,,Séret & Last 2003 ,,,,,
239,,,Dixon 1969 ,,,,,
240,,,Séret & Last 2003 ,,,,,
241,,,Whitley 1929 ,,,,,
242,,,McCulloch 1916 ,,,,,
243,,,Last & Gomon 1987 ,,,,,
244,,,Osburn & Nichols 1916 ,,,,,
245,,,Cooper 1863 ,,,,,
246,,,Cuvier 1816 ,,,,,
247,,,Garman 1913 ,,,,,
248,,,Philippi 1892,,,,,
249,,,Chirichigno F. & McEachran 1979 ,,,,,
250,,,Jordan & Gilbert 1882 ,,,,,
251,,,Weigmann 2016,,,,,
252,,,Günther 1872 ,,,,,
253,,,López S. & Bussing 1998 ,,,,,
254,,,Delsman 1941 ,,,,,
255,,,Gill 1863 ,,,,,
256,,,Miyake & McEachran 1988 ,,,,,
257,,,Weigmann 2016,,,,,
258,,,Miyake & McEachran 1988 ,,,,,
259,,,Jordan & Starks 1895 ,,,,,
260,,,Weigmann 2016,,,,,
261,,,Miyake & McEachran 1988 ,,,,,
262,,,Schultz 1949 ,,,,,
263,,,Last et al 2016,,,,,
264,,,"Deng, Xiong & Zhan 1983 ",,,,,
265,,,Last et al 2016,,,,,
266,,,Last et al 2016,,,,,
267,,,von Bonde & Swart 1923 ,,,,,
268,,,Meng & Li in Chu et al. 1981,,,,,
269,,,Last et al 2016,,,,,
270,,,Last et al 2016,,,,,
271,,,Last et al 2016,,,,,
272,,,Last et al 2016,,,,,
273,,,Last et al 2016,,,,,
274,,,Last et al 2016,,,,,
275,,,Last et al 2016,,,,,
276,,,Last et al 2016,,,,,
277,,,Last et al 2016,,,,,
278,,,Last et al 2016,,,,,
279,,,Chan 1965 ,,,,,
280,,,Last & Séret 2008 ,,,,,
281,,,Last & Séret 2008 ,,,,,
282,,,Last & Séret 2008 ,,,,,
283,,,Chan 1965 ,,,,,
284,,,Waite 1909 ,,,,,
285,,,Miranda Ribeiro 1907 ,,,,,
286,,,Regan 1903 ,,,,,
287,,,Günther 1880 ,,,,,
288,,,Gilbert 1896 ,,,,,
289,,,Kendall & Radcliffe 1912 ,,,,,
290,,,Gilbert 1896 ,,,,,
291,,,Dolganov 1983 ,,,,,
292,,,Dolganov 1983 ,,,,,
293,,,Fowler 1910 ,,,,,
294,,,Díaz de Astarloa & Mabragaña 2004 ,,,,,
295,,,Ishiyama 1952 ,,,,,
296,,,Günther 1876 ,,,,,
297,,,Dolganov 1983 ,,,,,
298,,,Norman 1937 ,,,,,
299,,,Stehmann 1995 ,,,,,
300,,,Hureau & Ozouf-Costaz 1980 ,,,,,
301,,,Stehmann 2005,,,,,
302,,,Günther 1877 ,,,,,
303,,,Garman 1908,,,,,
304,,,Iglésias & Lévy-Hartmann 2012 ,,,,,
305,,,Ishiyama & Ishihara 1977 ,,,,,
306,,,de Buen 1959 ,,,,,
307,,,Springer 1971 ,,,,,
308,,,Ishiyama & Ishihara 1977 ,,,,,
309,,,"Stevenson, Orr, Hoff & McEachran 2004",,,,,
310,,,Ishiyama 1952 ,,,,,
311,,,Stehmann 1987 ,,,,,
312,,,Osburn & Nichols 1916 ,,,,,
313,,,Ishiyama & Ishihara 1977 ,,,,,
314,,,Ishiyama & Ishihara 1977 ,,,,,
315,,,Forster 1967 ,,,,,
316,,,"Orr, Stevenson, Hoff, Spies & McEachran 2011 ",,,,,
317,,,Stehmann 1985 ,,,,,
318,,,Bean 1881 ,,,,,
319,,,McEachran & Miyake 1984 ,,,,,
320,,,Garrick 1961 ,,,,,
321,,,Norman 1937 ,,,,,
322,,,Krefft 1968 ,,,,,
323,,,Dolganov 1985 ,,,,,
324,,,Ishiyama 1967 ,,,,,
325,,,Soldatov & Pavlenko 1915 ,,,,,
326,,,Müller & Henle 1841 ,,,,,
327,,,Jensen 1914 ,,,,,
328,,,Beebe & Tee-Van 1941 ,,,,,
329,,,Ishiyama 1958 ,,,,,
330,,,Gilbert 1892 ,,,,,
331,,,Stehmann 2005 ,,,,,
332,,,Dolganov 1983 ,,,,,
333,,,Suvorov 1935 ,,,,,
334,,,Last & McEachran 2006 ,,,,,
335,,,Last & McEachran 2006 ,,,,,
336,,,Garrick & Paul 1974 ,,,,,
337,,,Last & Séret 2012 ,,,,,
338,,,Last & McEachran 2006 ,,,,,
339,,,Last & McEachran 2006 ,,,,,
340,,,Garrick & Paul 1974 ,,,,,
341,,,Last & Séret 2012 ,,,,,
342,,,Yearsley & Last 1992 ,,,,,
343,,,Stehmann 1989 ,,,,,
344,,,McCulloch 1911 ,,,,,
345,,,Last & Gledhill 2008 ,,,,,
346,,,Séret & Last 2012,,,,,
347,,,McEachran & Last 2008,,,,,
348,,,Séret & Last 2012,,,,,
349,,,Last & McEachran 2006 ,,,,,
350,,,Séret & Last 2012,,,,,
351,,,McEachran & Last 2008 ,,,,,
352,,,Séret & Last 2012,,,,,
353,,,McEachran & Last 1994 ,,,,,
354,,,Séret & Last 2009 ,,,,,
355,,,McEachran & Last 2008 ,,,,,
356,,,Hiyama 1940 ,,,,,
357,,,McEachran & Fechhelm 1982 ,,,,,
358,,,"Last, Mallick & Yearsley 2008 ",,,,,
359,,,"Last, Mallick & Yearsley 2008 ",,,,,
360,,,Günther 1880 ,,,,,
361,,,"Last, Mallick & Yearsley 2008 ",,,,,
362,,,"Last, Mallick & Yearsley 2008 ",,,,,
363,,,Marini 1932 ,,,,,
364,,,Garman 1913 ,,,,,
365,,,McEachran 1983 ,,,,,
366,,,McEachran 1983 ,,,,,
367,,,McEachran 1983 ,,,,,
368,,,Günther 1870 ,,,,,
369,,,Jordan 1891 ,,,,,
370,,,Philippi 1857 ,,,,,
371,,,Bigelow & Schroeder 1954 ,,,,,
372,,,Last et al 2016,,,,,
373,,,Tanaka 1916 ,,,,,
374,,,Ishiyama 1952 ,,,,,
375,,,Last et al 2016,,,,,
376,,,Last et al 2016,,,,,
377,,,Last et al 2016,,,,,
379,,,Ishiyama 1958 ,,,,,
380,,,Dolganov 1983 ,,,,,
381,,,Müller & Henle 1841 ,,,,,
382,,,Garman 1877 ,,,,,
383,,,Müller & Henle 1841 ,,,,,
384,,,Cope 1877 ,,,,,
385,,,Poeppig 1835 ,,,,,
386,,,Weigmann 2016,,,,,
387,,,Pozzi 1935 ,,,,,
388,,,Krefft 1968 ,,,,,
389,,,Norman 1938 ,,,,,
390,,,Collett 1879 ,,,,,
391,,,Weigmann 2016,,,,,
392,,,Donovan 1808 ,,,,,
393,,,Lloyd 1906 ,,,,,
394,,,Weigmann 2016,,,,,
395,,,Meisner 1987 ,,,,,
396,,,McEachran & Matheson 1985 ,,,,,
397,,,Bigelow & Schroeder 1948 ,,,,,
398,,,McEachran & Matheson 1985 ,,,,,
399,,,Bigelow & Schroeder 1950 ,,,,,
400,,,Bean & Weed 1909 ,,,,,
401,,,Bigelow & Schroeder 1958 ,,,,,
402,,,Last & Gledhill 2008 ,,,,,
403,,,Richardson 1845 ,,,,,
404,,,"Last, White & Pogonoski 2008 ",,,,,
405,,,"Last, White & Pogonoski 2008 ",,,,,
406,,,Last et al 2016,,,,,
407,,,Linnaeus 1758 ,,,,,
408,,,Bigelow & Schroeder 1962 ,,,,,
409,,,Wallace 1967 ,,,,,
410,,,Last 2008 ,,,,,
411,,,Last et al 2016,,,,,
412,,,Last 2008 ,,,,,
413,,,Séret 1989 ,,,,,
414,,,Cadenat 1960 ,,,,,
415,,,Beebe & Tee-Van 1941 ,,,,,
416,,,Last 2008 ,,,,,
417,,,Last 2008 ,,,,,
418,,,Last et al 2016,,,,,
419,,,Bigelow & Schroeder 1958 ,,,,,
420,,,Ishiyama 1958 ,,,,,
421,,,Last 2008 ,,,,,
422,,,Whitley 1940 ,,,,,
423,,,"Last, White & Pogonoski 2008 ",,,,,
424,,,Garrick & Paul 1974 ,,,,,
425,,,Last et al 2016,,,,,
426,,,Last et al 2016,,,,,
427,,,Chu 1960 ,,,,,
428,,,Mitchill 1818 ,,,,,
429,,,Wallace 1967 ,,,,,
430,,,Krefft & Stehmann 1975 ,,,,,
431,,,Last et al 2016,,,,,
432,,,"Last, White & Pogonoski 2008 ",,,,,
433,,,Gomes & Paragó 2001 ,,,,,
434,,,Storm 1881 ,,,,,
435,,,Last 2008 ,,,,,
436,,,Bigelow & Schroeder 1951 ,,,,,
437,,,Bigelow & Schroeder 1958 ,,,,,
438,,,Linnaeus 1758 ,,,,,
439,,,Ogilby 1910 ,,,,,
440,,,Last et al 2016,,,,,
441,,,"Last, White & Pogonoski 2008 ",,,,,
442,,,Wallace 1967 ,,,,,
443,,,Wallace 1967 ,,,,,
444,,,Bigelow & Schroeder 1951 ,,,,,
445,,,Jordan & Fowler 1903 ,,,,,
446,,,Krefft & Stehmann 1975 ,,,,,
447,,,Séret & Last 2008 ,,,,,
448,,,Jeong & Nakabo 2008 ,,,,,
449,,,Last et al 2016,,,,,
450,,,Last et al 2016,,,,,
451,,,Last et al 2016,,,,,
452,,,Last et al 2016,,,,,
453,,,Last et al 2016,,,,,
454,,,Last et al 2016,,,,,
455,,,Last et al 2016,,,,,
456,,,Last et al 2016,,,,,
457,,,Last et al 2016,,,,,
458,,,Last et al 2016,,,,,
459,,,Last et al 2016,,,,,
460,,,Jeong & Nakabo 1997 ,,,,,
461,,,Last et al 2016,,,,,
462,,,Couch 1838 ,,,,,
463,,,Stehmann 1995 ,,,,,
464,,,Mitchill 1825 ,,,,,
465,,,Linnaeus 1758 ,,,,,
466,,,Whitley 1939 ,,,,,
467,,,Bigelow & Schroeder 1951 ,,,,,
468,,,Stehmann 1971 ,,,,,
469,,,Clark 1926 ,,,,,
470,,,Müller & Henle 1841 ,,,,,
471,,,Mitchill 1815 ,,,,,
472,,,"Last, Stehmann & Séret 2008 ",,,,,
473,,,Last et al 2016,,,,,
474,,,Hulley 1970 ,,,,,
475,,,Bigelow & Schroeder 1950 ,,,,,
476,,,Stehmann 1978 ,,,,,
477,,,"Carvalho, Gomes & Gadig 2005 ",,,,,
478,,,Garman 1885 ,,,,,
479,,,Barnard 1923 ,,,,,
480,,,Stehmann & Séret 1983 ,,,,,
481,,,Stehmann 1976 ,,,,,
482,,,McEachran & Stehmann 1984 ,,,,,
483,,,"Stehmann, Séret, Costa & Baro 2008 ",,,,,
484,,,Hulley 1972 ,,,,,
485,,,Ishiyama 1958 ,,,,,
486,,,Last & Gledhill 2008 ,,,,,
487,,,Ishihara 1987 ,,,,,
488,,,"Last, Fahmi & Ishihara 2010 ",,,,,
489,,,McEachran & Fechhelm 1982 ,,,,,
490,,,Jordan & Richardson 1909 ,,,,,
491,,,Last & Lim 2010 ,,,,,
492,,,Müller & Henle 1841 ,,,,,
493,,,Last & Gledhill 2008 ,,,,,
494,,,Bleeker 1860 ,,,,,
495,,,"Jeong, Nakabo & Wu 2007 ",,,,,
496,,,Last et al 2016,,,,,
497,,,Last et al 2016,,,,,
498,,,Weigmann 2016,,,,,
499,,,Last et al 2016,,,,,
500,,,Ishiyama 1958 ,,,,,
501,,,Last et al 2016,,,,,
502,,,Capapé 1977 ,,,,,
503,,,Delaroche 1809 ,,,,,
504,,,Weigmann 2016,,,,,
505,,,Last et al 2016,,,,,
506,,,Girard 1855 ,,,,,
507,,,Lafont 1873 ,,,,,
508,,,Last et al 2016,,,,,
509,,,Last et al 2016,,,,,
510,,,Linnaeus 1758 ,,,,,
511,,,Last et al 2016,,,,,
512,,,Last et al 2016,,,,,
513,,,Last et al 2016,,,,,
514,,,Krefft 1965 ,,,,,
515,,,Last et al 2016,,,,,
516,,,Weigmann 2016,,,,,
517,,,Lowe 1838 ,,,,,
518,,,Montagu 1818 ,,,,,
519,,,Linnaeus 1758 ,,,,,
520,,,Fowler 1910 ,,,,,
521,,,Regan 1923 ,,,,,
522,,,Liu 1932 ,,,,,
523,,,Delaroche 1809 ,,,,,
524,,,Last et al 2016,,,,,
525,,,Bougis 1959 ,,,,,
526,,,Weigmann 2016,,,,,
527,,,Last et al 2016,,,,,
528,,,Poll 1951 ,,,,,
529,,,Chandler 1921 ,,,,,
530,,,Lacepéde 1802 ,,,,,
531,,,Chirichigno F. 1973 ,,,,,
532,,,Weigmann 2016,,,,,
533,,,Weber 1913 ,,,,,
534,,,Norman 1935 ,,,,,
535,,,Holt & Byrne 1908 ,,,,,
536,,,Stehmann 1978 ,,,,,
537,,,von Bonde & Swart 1923 ,,,,,
538,,,Last & Stehmann 2008 ,,,,,
539,,,Hulley 1970 ,,,,,
540,,,Long & McCosker 1999 ,,,,,
541,,,Bigelow & Schroeder 1954 ,,,,,
542,,,Lütken 1887 ,,,,,
543,,,Dolganov 1985 ,,,,,
544,,,Last et al 2016,,,,,
545,,,Fries 1839 ,,,,,
546,,,de Buen 1960 ,,,,,
547,,,Bigelow & Schroeder 1962,,,,,
548,,,Hulley 1970 ,,,,,
549,,,Krefft & Stehmann 1974 ,,,,,
550,,,Lacepde 1803 ,,,,,
551,,,Iredale 1938 ,,,,,
552,,,"Díaz de Astarloa, Mabragaña, Hanner & Figueroa 2008 ",,,,,
553,,,Guichenot 1848 ,,,,,
554,,,Last & Gledhill 2007 ,,,,,
555,,,Müller & Henle 1841 ,,,,,
558,,,Latham 1794 ,,,,,
559,,,Linnaeus 1758 ,,,,,
569,,,"Last, Séret & Naylor 2016",,,,,
570,,,"Last, Séret & Naylor 2017",,,,,
571,,,"Last, Séret & Naylor 2018",,,,,
575,,,Last et al 2016,,,,,
577,,,Weigmann 2016,,,,,
582,,,Last et al 2016,,,,,
944,,,Gill 1863 ,,,,,
563,,,Müller & Henle 1841 ,,,,,
564,,,Norman 1926 ,,,,,
565,,,Norman 1926 ,,,,,
566,,,Randall & Compagno 1995 ,,,,,
567,,,Nair & Lal Mohan 1973 ,,,,,
568,,,Norman 1926 ,,,,,
572,,,"Last, Séret & Naylor 2019",,,,,
574,,,"Last, Séret & Naylor 2021",,,,,
576,,,"Last, Séret & Naylor 2021",,,,,
578,,,"Last, Séret & Naylor 2021",,,,,
579,,,"Last, Séret & Naylor 2021",,,,,
583,,,Last et al 2016,,,,,
585,,,Last et al 2016,,,,,
589,,,Last et al 2016,,,,,
590,,,Last et al 2016,,,,,
594,,,Last et al 2016,,,,,
595,,,Last et al 2016,,,,,
596,,,Last et al 2016,,,,,
561,,,Bloch & Schneider 1801 ,,,,,
580,,,Norman 1930 ,,,,,
581,,,Norman 1926 ,,,,,
584,,,Norman 1922 ,,,,,
586,,,Richardson 1846 ,,,,,
587,,,Norman 1931 ,,,,,
588,,,"Last, White & Fahmi 2006 ",,,,,
591,,,Norman 1926 ,,,,,
592,,,"Last, Compagno & Nakaya 2004",,,,,
598,,,Compagno & Randall 1987 ,,,,,
599,,,Linnaeus 1758 ,,,,,
600,,,Last 2004 ,,,,,
602,,,Last et al 2016,,,,,
603,,,Last et al 2016,,,,,
604,,,Last et al 2016,,,,,
605,,,Last et al 2016,,,,,
606,,,Last et al 2016,,,,,
607,,,Last et al 2016,,,,,
614,,,Müller & Henle 1841 ,,,,,
615,,,Shaw 1795 ,,,,,
616,,,"Rincón, Stehmann & Vooren 2001 ",,,,,
617,,,Bean & Weed 1909 ,,,,,
618,,,Alcock 1898 ,,,,,
619,,,"Carvalho, Compagno & Ebert 2003 ",,,,,
620,,,Fechhelm & McEachran 1984 ,,,,,
621,,,Mart’n Salazar 1957 ,,,,,
622,,,Jordan & Gilbert 1890 ,,,,,
623,,,Last et al 2016,,,,,
624,,,"Menni, Rincón & Garc’a 2008 ",,,,,
625,,,Heckel 1846 ,,,,,
626,,,Carvalho & Randall 2003 ,,,,,
627,,,Griffith & Smith 1834 ,,,,,
628,,,Weigmann 2016,,,,,
629,,,Olfers 1831 ,,,,,
630,,,Bessednov 1966 ,,,,,
631,,,Last et al 2016,,,,,
632,,,Jordan & Starks 1895 ,,,,,
633,,,Weigmann 2016,,,,,
634,,,"Carvalho, Séret & Compagno 2002 ",,,,,
635,,,Last et al 2016,,,,,
636,,,Carvalho 2001 ,,,,,
637,,,Richardson 1846 ,,,,,
638,,,Shaw 1804 ,,,,,
639,,,Last et al 2016,,,,,
640,,,Weigmann 2016,,,,,
641,,,"Carvalho, Compagno & Mee 2002 ",,,,,
642,,,Last et al 2016,,,,,
643,,,Bessednov 1966 ,,,,,
644,,,Lloris & Rucabado 1991 ,,,,,
608,,,Last et al 2016,,,,,
609,,,Last et al 2016,,,,,
610,,,Last et al 2016,,,,,
611,,,Last et al 2016,,,,,
613,,,Last et al 2016,,,,,
645,,,Last et al 2016,,,,,
646,,,Bloch & Schneider 1801 ,,,,,
647,,,Last et al 2016,,,,,
648,,,Last et al 2016,,,,,
649,,,Last et al 2016,,,,,
650,,,Compagno & Heemstra 2007 ,,,,,
651,,,Baranes & Randall 1989 ,,,,,
652,,,Regan 1921 ,,,,,
653,,,Lloyd 1907 ,,,,,
654,,,Last et al 2016,,,,,
655,,,Gmelin 1789 ,,,,,
656,,,Bloch & Schneider 1801 ,,,,,
657,,,Temminck & Schlegel 1850 ,,,,,
658,,,Gray 1831 ,,,,,
659,,,Hamilton 1902 ,,,,,
660,,,Last et al 2016,,,,,
661,,,"Iwatsuki, Miyamoto & Nakaya 2011 ",,,,,
662,,,Bloch & Schneider 1801 ,,,,,
663,,,"Iwatsuki, Zhang & Nakaya 2011 ",,,,,
664,,,Jordan & Gilbert 1880 ,,,,,
665,,,"Carvalho, Stehmann & Manilo 2002 ",,,,,
666,,,Weigmann 2016,,,,,
667,,,Bullis 1962 ,,,,,
668,,,"Cadenat, Capapé & Desoutter 1978 ",,,,,
669,,,Last et al 2016,,,,,
670,,,Last et al 2016,,,,,
671,,,Last et al 2016,,,,,
672,,,Peters 1855 ,,,,,
673,,,Metzelaar 1919 ,,,,,
674,,,Last et al 2016,,,,,
675,,,Risso 1810 ,,,,,
676,,,Last et al 2016,,,,,
678,,,Olfers 1831 ,,,,,
679,,,Last et al 2016,,,,,
680,,,Weigmann 2016,,,,,
681,,,Last et al 2016,,,,,
682,,,Last et al 2016,,,,,
683,,,Olfers 1831 ,,,,,
684,,,Steindachner 1898 ,,,,,
685,,,Last et al 2016,,,,,
686,,,Linnaeus 1758 ,,,,,
687,,,Last et al 2016,,,,,
688,,,Last et al 2016,,,,,
722,,,"Ebert, Fowler & Compagno 2013",,,,,
724,,,Li et al 2015,,,,,
728,,,Li et al 2015,,,,,
729,,,Weber 1913 ,,,,,
691,,,Springer 1950 ,,,,,
693,,,Bleeker 1856 ,,,,,
694,,,Müller & Henle 1839 ,,,,,
695,,,Bleeker 1858 ,,,,,
696,,,Günther 1870 ,,,,,
697,,,Müller & Henle 1839 ,,,,,
698,,,Whitley 1945 ,,,,,
699,,,Gilbert 1898 ,,,,,
700,,,Whitley 1939,,,,,
701,,,Müller & Henle 1839 ,,,,,
703,,,Whitley 1943 ,,,,,
704,,,Snodgrass & Heller 1905 ,,,,,
705,,,Müller & Henle 1839 ,,,,,
706,,,Müller & Henle 1839 ,,,,,
707,,,Garrick 1985 ,,,,,
708,,,Müller & Henle 1839 ,,,,,
709,,,Müller & Henle 1839 ,,,,,
710,,,Poey 1861 ,,,,,
711,,,Müller & Henle 1839 ,,,,,
712,,,Quoy & Gaimard 1824 ,,,,,
713,,,Lesueur 1818 ,,,,,
715,,,Nardo 1827 ,,,,,
717,,,Pietschmann 1913 ,,,,,
718,,,Poey 1868 ,,,,,
719,,,Müller & Henle 1839 ,,,,,
720,,,Whitley 1950 ,,,,,
723,,,Péron & Lesueur 1822 ,,,,,
725,,,Müller & Henle 1839 ,,,,,
726,,,"Compagno, White & Last 2008 ",,,,,
727,,,Müller & Henle 1839 ,,,,,
730,,,Müller & Henle 1839 ,,,,,
731,,,Müller & Henle 1839 ,,,,,
732,,,Fowler 1905 ,,,,,
733,,,Müller & Henle 1839 ,,,,,
748,,,Bleeker 1852 ,,,,,
749,,,"White, Last & Compagno 2005 ",,,,,
750,,,Bleeker 1852 ,,,,,
751,,,Klunzinger 1871 ,,,,,
752,,,Compagno & Smale 1985 ,,,,,
753,,,Garman 1906 ,,,,,
754,,,"Compagno, Krupp & Carpenter 1996 ",,,,,
755,,,Chen 1963 ,,,,,
756,,,Müller & Henle 1839 ,,,,,
757,,,Springer 1968 ,,,,,
758,,,Bigelow & Schroeder 1944 ,,,,,
759,,,Smith 1913 ,,,,,
760,,,Smith 1957 ,,,,,
761,,,Hilgendorf 1904 ,,,,,
762,,,Last & Vongpanich 2004 ,,,,,
763,,,Tanaka 1912,,,,,
764,,,Garrick 1954 ,,,,,
765,,,Last & Gaudiano 2011 ,,,,,
766,,,"Weigmann, Stehmann & Thiel 2013 ",,,,,
767,,,de Brito Capello 1868 ,,,,,
768,,,Nakaya & Séret 1999,,,,,
769,,,"Sasahara, Sato & Nakaya 2008 ",,,,,
770,,,Nakaya & Stehmann 1998 ,,,,,
771,,,"Sato, Nakaya & Yorozu 2008 ",,,,,
772,,,Gilbert 1892 ,,,,,
773,,,"White, Last & Pogonoski 2008 ",,,,,
774,,,Springer & Heemstra 1979 ,,,,,
775,,,"Sato, Nakaya & Stewart 1999 ",,,,,
776,,,Dolganov 1983 ,,,,,
777,,,"Meng, Chu & Li 1985 ",,,,,
736,,,Poey 1868 ,,,,,
737,,,Linnaeus 1758 ,,,,,
739,,,Müller & Henle 1839 ,,,,,
740,,,Jordan & Gilbert 1882 ,,,,,
741,,,Springer 1964 ,,,,,
742,,,Poey 1861 ,,,,,
743,,,Ogilby 1915 ,,,,,
744,,,Richardson 1836 ,,,,,
745,,,Müller & Henle 1838 ,,,,,
746,,,Bleeker 1852 ,,,,,
747,,,Rüppell 1837 ,,,,,
778,,,Fowler 1934 ,,,,,
779,,,Brauer 1906 ,,,,,
780,,,"Deng, Xiong & Zhan 1988 ",,,,,
781,,,Misra 1962 ,,,,,
782,,,Nakaya 1975 ,,,,,
783,,,Taylor 1972 ,,,,,
784,,,Saemundsson 1922 ,,,,,
785,,,Nakaya 1975 ,,,,,
786,,,Tanaka 1909 ,,,,,
787,,,"Chu, Meng & Li 1985 ",,,,,
788,,,Springer 1979 ,,,,,
789,,,"Iglésias, Nakaya & Stehmann 2004 ",,,,,
790,,,Gilchrist 1922 ,,,,,
791,,,"Meng, Chu & Li 1986 ",,,,,
792,,,de Buen 1959 ,,,,,
793,,,Springer & Heemstra 1979 ,,,,,
794,,,"Deng, Xiong & Zhan 1983 ",,,,,
795,,,Tanaka 1909 ,,,,,
796,,,Goode & Bean 1896 ,,,,,
797,,,Bigelow & Schroeder 1944 ,,,,,
798,,,Barnard 1925 ,,,,,
799,,,Weber 1913 ,,,,,
800,,,Chu & Hu 1981 ,,,,,
801,,,Gilbert 1905 ,,,,,
802,,,Springer 1979 ,,,,,
803,,,Ogilby 1885 ,,,,,
804,,,"Compagno, Stevens & Last 1999 ",,,,,
805,,,Séret & Last 2008 ,,,,,
806,,,"Last, Gomon & Gledhill 1999 ",,,,,
807,,,"Last, Gomon & Gledhill 1999 ",,,,,
808,,,"Compagno, Stevens & Last 1999 ",,,,,
809,,,"Last, Gomon & Gledhill 1999 ",,,,,
810,,,"Compagno, Stevens & Last 1999 ",,,,,
811,,,Zietz 1908 ,,,,,
812,,,"White, Last & Dharmadi 2005 ",,,,,
813,,,Compagno & Stevens 1993 ,,,,,
814,,,Whitley 1939 ,,,,,
815,,,Anonymous [Bennett] 1830 ,,,,,
816,,,Jacobsen & Bennett 2007 ,,,,,
817,,,Séret 1990 ,,,,,
818,,,Waite 1905 ,,,,,
819,,,Weigmann 2016,,,,,
820,,,Günther 1878 ,,,,,
821,,,Séret 1987 ,,,,,
822,,,Springer 1971 ,,,,,
823,,,"McCosker, Long & Baldwin 2012 ",,,,,
824,,,Alcock 1891 ,,,,,
825,,,Chu & Meng 1982 ,,,,,
826,,,Last & Stevens 2008 ,,,,,
827,,,Springer & D'Aubrey 1972 ,,,,,
828,,,"Last, Motomura & White 2008 ",,,,,
829,,,"Last, Séret & White 2008 ",,,,,
830,,,Chan 1966 ,,,,,
831,,,White & Ebert 2008 ,,,,,
832,,,Bonnaterre 1788 ,,,,,
833,,,Duméril 1853 ,,,,,
834,,,Nakaya et al 2013,,,,,
835,,,Nakaya et al 2013,,,,,
836,,,"Last, Séret & White 2008 ",,,,,
837,,,"Yano, Ahmad & Gambang 2005 ",,,,,
838,,,"Last, Séret & White 2008 ",,,,,
839,,,Talwar 1974 ,,,,,
840,,,"Last, Séret & White 2008 ",,,,,
841,,,Clark & Randall 2011 ,,,,,
842,,,Regan 1921 ,,,,,
843,,,Jordan & Fowler 1903 ,,,,,
844,,,Last & White 2008 ,,,,,
845,,,Garman 1880 ,,,,,
846,,,Last & White 2008 ,,,,,
847,,,Gilbert 1892 ,,,,,
848,,,Whitley 1928 ,,,,,
849,,,"Gledhill, Last & White 2008 ",,,,,
850,,,Springer 1979 ,,,,,
851,,,Nichols 1927 ,,,,,
852,,,Vaillant 1888 ,,,,,
853,,,Springer 1966 ,,,,,
854,,,Jordan & Snyder 1904 ,,,,,
855,,,Compagno & Stevens 1993 ,,,,,
856,,,Tachikawa & Taniuchi 1987 ,,,,,
857,,,Rafinesque 1810 ,,,,,
858,,,Soto 2001 ,,,,,
859,,,Collett 1904 ,,,,,
860,,,Nakaya 1975 ,,,,,
861,,,Springer & Wagner 1966 ,,,,,
862,,,Cadenat 1959 ,,,,,
863,,,Séret & Last 2008 ,,,,,
864,,,Jordan & Richardson 1909 ,,,,,
865,,,Springer 1979 ,,,,,
866,,,Konstantinou & Cozzi 1998 ,,,,,
867,,,Springer & D'Aubrey 1972 ,,,,,
868,,,Müller & Henle 1838 ,,,,,
869,,,"Bass, D'Aubrey & Kistnasamy 1975 ",,,,,
870,,,"White, Last & Stevens 2007 ",,,,,
871,,,Regan 1904 ,,,,,
872,,,Alcock 1899 ,,,,,
873,,,"White, Last & Stevens 2007 ",,,,,
874,,,Schinz 1822 ,,,,,
875,,,Smith 1950 ,,,,,
876,,,Human & Compagno 2006 ,,,,,
877,,,Müller & Henle 1838 ,,,,,
878,,,Human 2006 ,,,,,
879,,,Human 2006 ,,,,,
880,,,Norman 1939 ,,,,,
881,,,Gilchrist 1914 ,,,,,
882,,,Gilchrist 1922 ,,,,,
883,,,Séret & Last 2007 ,,,,,
884,,,Séret & Last 2007 ,,,,,
885,,,Séret & Last 2007 ,,,,,
886,,,Springer 1979 ,,,,,
887,,,Séret & Last 2007 ,,,,,
888,,,Hardy 1985 ,,,,,
889,,,Chan 1966 ,,,,,
890,,,Garman 1906 ,,,,,
891,,,Weigmann 2016,,,,,
892,,,Gilbert 1892 ,,,,,
893,,,Smith & Radcliffe 1912 ,,,,,
894,,,Gmelin 1789 ,,,,,
895,,,Müller & Henle 1838 ,,,,,
896,,,Müller & Henle 1838 ,,,,,
897,,,Guichenot 1848 ,,,,,
898,,,Springer 1966 ,,,,,
899,,,Soto 2001 ,,,,,
900,,,Springer 1966 ,,,,,
901,,,Springer & Sadowsky 1970 ,,,,,
902,,,Goode & Bean 1896 ,,,,,
903,,,Linnaeus 1758 ,,,,,
904,,,Müller & Henle 1838 ,,,,,
905,,,Maurin & Bonnet 1970 ,,,,,
906,,,Compagno 1988 ,,,,,
907,,,Fowler 1934 ,,,,,
908,,,Miranda Ribeiro 1907 ,,,,,
909,,,Springer 1966 ,,,,,
910,,,Springer 1966 ,,,,,
911,,,Garman 1881 ,,,,,
912,,,Linnaeus 1758 ,,,,,
913,,,"Shirai, Hagiwara & Nakaya 1992 ",,,,,
914,,,Tanaka 1908 ,,,,,
915,,,Howell Rivero 1936 ,,,,,
924,,,Whitley 1943 ,,,,,
926,,,Compagno 1973 ,,,,,
927,,,Compagno & Stevens 1993 ,,,,,
928,,,Takahashi & Nakaya 2004 ,,,,,
929,,,Compagno & Stevens 1993 ,,,,,
930,,,"White, Compagno & Dharmadi 2009 ",,,,,
931,,,Müller & Henle 1839 ,,,,,
932,,,Herre 1923 ,,,,,
933,,,Miyosi 1939 ,,,,,
934,,,Fourmanoir & Rivaton 1979 ,,,,,
935,,,Norman 1939 ,,,,,
936,,,"Castro-Aguirre, Antuna-Mendiola, González-Acosta & de la Cruz-Agüero 2005",,,,,
937,,,Günther 1870 ,,,,,
938,,,Cloquet 1819 ,,,,,
939,,,Gill 1864 ,,,,,
940,,,Mitchill 1815 ,,,,,
941,,,Gill 1864 ,,,,,
942,,,Garman 1913 ,,,,,
943,,,Pietschmann 1908 ,,,,,
945,,,Springer & Lowe 1963 ,,,,,
946,,,Phillipps 1932 ,,,,,
947,,,Jordan & Gilbert 1882 ,,,,,
948,,,Bleeker 1855 ,,,,,
949,,,"Ebert, Fowler & Compagno 2013",,,,,
925,,,Linnaeus 1758 ,,,,,
917,,,Springer 1940 ,,,,,
918,,,Griffith & Smith 1834 ,,,,,
919,,,Springer 1940 ,,,,,
921,,,Linnaeus 1758 ,,,,,
922,,,Valenciennes 1822 ,,,,,
923,,,Linnaeus 1758 ,,,,,
950,,,Cope 1877 ,,,,,
951,,,Heemstra 1997 ,,,,,
952,,,Hemprich & Ehrenberg 1899 ,,,,,
953,,,Linnaeus 1758 ,,,,,
954,,,Springer 1939 ,,,,,
955,,,Smith 1957 ,,,,,
956,,,Risso 1827 ,,,,,
957,,,White & Last 2006 ,,,,,
958,,,Springer 1939 ,,,,,
959,,,Heemstra 1997 ,,,,,
960,,,White & Last 2008 ,,,,,
961,,,White & Last 2008 ,,,,,
962,,,Chirichigno F. 1973,,,,,
963,,,White & Last 2006 ,,,,,
964,,,Boulenger 1902 ,,,,,
965,,,Kato 1968 ,,,,,
966,,,Kner & Steindachner 1867 ,,,,,
967,,,Smith 1839 ,,,,,
968,,,Müller & Henle 1839 ,,,,,
969,,,Girard 1855 ,,,,,
970,,,Girard 1855 ,,,,,
971,,,Günther 1870 ,,,,,
972,,,Miklouho-Maclay & Macleay 1884 ,,,,,
973,,,Taylor & Castro-Aguirre 1972 ,,,,,
974,,,Baldwin 2005 ,,,,,
975,,,Meyer 1793 ,,,,,
976,,,Fréminville 1840 ,,,,,
977,,,Smith 1949 ,,,,,
978,,,Gray 1831 ,,,,,
986,,,Hubbs & Follett 1947 ,,,,,
988,,,"Taylor, Compagno & Struhsaker 1983 ",,,,,
989,,,Jordan 1898 ,,,,,
990,,,Rafinesque 1810 ,,,,,
991,,,Risso 1810 ,,,,,
992,,,Maul 1955 ,,,,,
993,,,Matsubara 1936 ,,,,,
980,,,Lowe 1841 ,,,,,
981,,,Bonnaterre 1788 ,,,,,
983,,,Linnaeus 1758 ,,,,,
984,,,Rafinesque 1810 ,,,,,
985,,,Guitart 1966 ,,,,,
987,,,Bonnaterre 1788 ,,,,,
994,,,Ogilby 1908 ,,,,,
995,,,Bloch & Schneider 1801 ,,,,,
996,,,Bonnaterre 1788 ,,,,,
997,,,Lesson 1831 ,,,,,
998,,,Günther 1867 ,,,,,
999,,,Goubanov in Goubanov & Schleib 1980 ,,,,,
1000,,,Dingerkus & DeFino 1983 ,,,,,
1001,,,Müller & Henle 1838 ,,,,,
1002,,,Bleeker 1852 ,,,,,
1003,,,Gmelin 1789 ,,,,,
1004,,,Anonymous [Bennett] 1830 ,,,,,
1005,,,Müller & Henle 1838 ,,,,,
1006,,,Quoy & Gaimard 1824 ,,,,,
1007,,,Allen & Erdmann 2008 ,,,,,
1008,,,Whitley 1967 ,,,,,
1009,,,Allen & Erdmann 2008 ,,,,,
1010,,,Allen & Dudgeon 2010 ,,,,,
1011,,,Bonnaterre 1788 ,,,,,
1012,,,Whitley 1967 ,,,,,
1013,,,Richardson 1843 ,,,,,
1014,,,Bleeker 1867 ,,,,,
1015,,,Last & Chidlow 2008 ,,,,,
1016,,,Whitley 1940 ,,,,,
1017,,,"Last, Chidlow & Compagno 2006 ",,,,,
1018,,,Regan 1906 ,,,,,
1019,,,"Last, Pogonoski & White 2010 ",,,,,
1020,,,Bonnaterre 1788 ,,,,,
1021,,,De Vis 1883 ,,,,,
1022,,,Last & Chidlow 2008 ,,,,,
1023,,,"Last, Pogonoski & White 2008 ",,,,,
1024,,,Whitley 1939 ,,,,,
1025,,,Peters 1864 ,,,,,
1026,,,Smith & Radcliffe 1913 ,,,,,
1027,,,Teng 1959 ,,,,,
1028,,,Kamohara 1943 ,,,,,
1029,,,Ramsay & Ogilby 1888 ,,,,,
1030,,,Last & Stevens 2008 ,,,,,
1031,,,McCulloch 1911 ,,,,,
1032,,,Goto & Last 2002 ,,,,,
1033,,,Duméril 1853 ,,,,,
1035,,,Hermann 1783 ,,,,,
1036,,,Ebert & Compagno 2009 ,,,,,
1037,,,Garman 1884 ,,,,,
1038,,,Bonnaterre 1788 ,,,,,
1039,,,Bonnaterre 1788 ,,,,,
1040,,,Teng 1962 ,,,,,
1041,,,"Ebert, Fowler & Compagno 2013",,,,,
1042,,,Péron 1807 ,,,,,
1043,,,Regan 1906 ,,,,,
1044,,,Latham 1794 ,,,,,
1045,,,"Yearsley, Last & White 2008 ",,,,,
1046,,,Günther 1870 ,,,,,
1047,,,Ebert & Cailliet 2011 ,,,,,
1048,,,Günther 1870 ,,,,,
1049,,,Springer & Bullis 1960 ,,,,,
1050,,,Garman 1913 ,,,,,
1051,,,Bloch & Schneider 1801 ,,,,,
1052,,,McCulloch 1915 ,,,,,
1053,,,"Chu, Meng & Liu 1981 ",,,,,
1054,,,Barboza du Bocage & de Brito Capello 1864 ,,,,,
1055,,,Bleeker 1860 ,,,,,
1056,,,Baranes 2003 ,,,,,
1057,,,Bonnaterre 1788 ,,,,,
1058,,,Garman 1906 ,,,,,
1059,,,"White, Ebert & Compagno 2008 ",,,,,
1060,,,"White, Ebert & Compagno 2008 ",,,,,
1061,,,Lowe 1839 ,,,,,
1062,,,Garman 1906 ,,,,,
1063,,,Smith & Radcliffe 1912 ,,,,,
1064,,,McCulloch 1915 ,,,,,
1065,,,Bonnaterre 1788 ,,,,,
1066,,,Hulley & Penrith 1966 ,,,,,
1067,,,Quoy & Gaimard 1824 ,,,,,
1068,,,Fowler 1934 ,,,,,
1069,,,Quoy & Gaimard 1824 ,,,,,
1070,,,White & Last 2013,,,,,
1071,,,Garrick & Springer 1964 ,,,,,
1072,,,Dolganov 1984 ,,,,,
1073,,,Teng 1959 ,,,,,
1074,,,Smith & Radcliffe 1912 ,,,,,
1075,,,Bonnaterre 1788 ,,,,,
1076,,,Pietschmann 1928 ,,,,,
1077,,,de Buen 1959 ,,,,,
1078,,,Shirai & Nakaya 1990 ,,,,,
1079,,,Reinhardt 1825 ,,,,,
1080,,,Günther 1887 ,,,,,
1081,,,Abe 1966 ,,,,,
1082,,,Garman 1899 ,,,,,
1083,,,Alcock 1889 ,,,,,
1084,,,Jordan & Fowler 1903 ,,,,,
1085,,,Shirai & Tachikawa 1993 ,,,,,
1086,,,Smith & Radcliffe 1912 ,,,,,
1087,,,Bigelow & Schroeder 1957 ,,,,,
1088,,,Schaaf-Da Silva & Ebert 2006,,,,,
1089,,,Springer & Burgess 1985 ,,,,,
1090,,,"Last, Burgess & Séret 2002",,,,,
1091,,,Fricke & Koch 1990 ,,,,,
1092,,,Chan 1966 ,,,,,
1093,,,"Last, Burgess & Séret 2002 ",,,,,
1094,,,"Last, Burgess & Séret 2002 ",,,,,
1095,,,"Last, Burgess & Séret 2002 ",,,,,
1096,,,"Last, Burgess & Séret 2002 ",,,,,
1097,,,Krefft 1968 ,,,,,
1098,,,Günther 1880 ,,,,,
1099,,,Poey 1861 ,,,,,
1100,,,"Knuckey, Ebert & Burgess 2011 ",,,,,
1101,,,Parin & Kotlyar 1990 ,,,,,
1102,,,Jordan & Snyder 1902 ,,,,,
1103,,,Whitley 1939 ,,,,,
1104,,,Springer & Burgess 1985 ,,,,,
1105,,,"Bigelow, Schroeder & Springer 1953 ",,,,,
1106,,,Collett 1904 ,,,,,
1107,,,"Last, Burgess & Séret 2002 ",,,,,
1108,,,Lowe 1839 ,,,,,
1109,,,Kotlyar 1990 ,,,,,
1110,,,Schofield & Burgess 1997 ,,,,,
1111,,,Weigmann 2016,,,,,
1112,,,"Bigelow, Schroeder & Springer 1953 ",,,,,
1113,,,"Ebert, Compagno & De Vries 2011 ",,,,,
1114,,,"Bass, D'Aubrey & Kistnasamy 1976 ",,,,,
1115,,,Dolganov 1986 ,,,,,
1116,,,Linnaeus 1758 ,,,,,
1117,,,Yano 1988 ,,,,,
1118,,,Engelhardt 1912 ,,,,,
1119,,,Straube 2011 ,,,,,
1120,,,Gilbert 1905 ,,,,,
1121,,,"Bigelow, Schroeder & Springer 1953 ",,,,,
1122,,,Mochizuki & Ohe 1990 ,,,,,
1123,,,Ogilby 1893 ,,,,,
1124,,,Cervigón 1961 ,,,,,
1125,,,Linnaeus 1758 ,,,,,
1126,,,Yano & Murofushi 1985 ,,,,,
1127,,,Frade 1929 ,,,,,
1128,,,Barboza du Bocage & de Brito Capello 1864 ,,,,,
1129,,,Garman 1906 ,,,,,
1130,,,Barboza du Bocage & de Brito Capello 1864 ,,,,,
1131,,,White et al 2015,,,,,
1133,,,Taniuchi & Garrick 1986 ,,,,,
1134,,,Kukuev & Konovalenko 1988 ,,,,,
1135,,,Kukuev & Konovalenko 1988 ,,,,,
1136,,,Archey 1921 ,,,,,
1137,,,Barboza du Bocage & de Brito Capello 1864 ,,,,,
1138,,,Whitley 1939 ,,,,,
1139,,,Tanaka 1912,,,,,
1140,,,Bloch & Schneider 1801 ,,,,,
1141,,,Bigelow & Schroeder 1944 ,,,,,
1142,,,Risso 1827 ,,,,,
1143,,,White et al 2015,,,,,
1144,,,Günther 1877 ,,,,,
1145,,,Merrett 1973 ,,,,,
1146,,,"White, Last & Stevens 2007 ",,,,,
1147,,,Tanaka 1912 ,,,,,
1149,,,"Last, White & Stevens 2007 ",,,,,
1150,,,"Last, White & Stevens 2007 ",,,,,
1151,,,Risso 1827 ,,,,,
1152,,,Tanaka 1917,,,,,
1153,,,"Last, Séret & Pogonoski 2007 ",,,,,
1154,,,"Last, White & Motomura 2007 ",,,,,
1155,,,"Last, Edmunds & Yearsley 2007 ",,,,,
1156,,,Howell Rivero 1936 ,,,,,
1202,,,Blyth 1860,,,,,
1157,,,"White, Last & Stevens 2007 ",,,,,
1158,,,White & Iglésias 2011 ,,,,,
1159,,,"White, Last & Stevens 2007 ",,,,,
1160,,,Phillipps 1931 ,,,,,
1161,,,"White, Last & Yearsley 2007 ",,,,,
1162,,,Ishikawa 1908 ,,,,,
1163,,,Baranes 2003,,,,,
1164,,,Macleay 1881 ,,,,,
1165,,,Fourmanoir & Rivaton 1979 ,,,,,
1166,,,Jordan & Snyder 1903 ,,,,,
1167,,,Whitley 1931 ,,,,,
1168,,,"Last, Marshall & White 2007 ",,,,,
1169,,,"Last, White & Stevens 2007 ",,,,,
1170,,,Fourmanoir & Rivaton 1979 ,,,,,
1171,,,Duffy & Last 2007 ,,,,,
1172,,,Girard 1855 ,,,,,
1173,,,Cuvier 1829 ,,,,,
1174,,,Regan 1908 ,,,,,
1175,,,Last & White 2008 ,,,,,
1176,,,Marini 1930 ,,,,,
1177,,,Philippi 1887 ,,,,,
1178,,,Regan 1906 ,,,,,
1179,,,"Walsh, Ebert & Compagno 2011 ",,,,,
1180,,,Ayres 1859 ,,,,,
1181,,,Lesueur 1818 ,,,,,
1182,,,Shen & Ting 1972 ,,,,,
1183,,,Marini 1936 ,,,,,
1184,,,Bleeker 1858 ,,,,,
1185,,,Last & White 2008 ,,,,,
1186,,,Regan 1906 ,,,,,
1187,,,Vooren & da Silva 1991 ,,,,,
1188,,,Bonaparte 1840 ,,,,,
1189,,,Last & White 2008 ,,,,,
1191,,,McCulloch 1914 ,,,,,
1192,,,Chen 1963 ,,,,,
1193,,,"Kemper, Ebert, Naylor & Didier 2015 ",,,,,
1194,,,"Angulo, L„pez, Bussing & Murase 2014",,,,,
1195,,,"Walovich, Ebert & Kemper 2017",,,,,
1196,,,"Last, White & Naylor 2016 ",,,,,
1197,,,Blyth 1860,,,,,
1198,,,Last & White 2013,,,,,
1199,,,"Last, Bogorodsky & Alpermann 2016 ",,,,,
1200,,,Manjaji-Matsumoto & Last 2016  ,,,,,
1201,,,Manjaji-Matsumoto & Last 2016  ,,,,,
1203,,,Bleeker 1852,,,,,
1204,,,Bleeker 1852,,,,,
1205,,,Last & White 2013,,,,,
1206,,,"Last, White & Naylor 2016 ",,,,,
1207,,,"Last, White & Séret 2016 ",,,,,
1208,,,"Last, White & Séret 2016 ",,,,,
1209,,,"Last, White & Séret 2016 ",,,,,
1210,,,Castelnau 1873,,,,,
1211,,,Garman 1885,,,,,
1212,,,"Last, White & Naylor 2016 ",,,,,
1213,,,"Last, White & Kyne 2016 ",,,,,
1214,,,Gill 1865,,,,,
1215,,,"White, Furumitsu & Yamaguchi 2013 ",,,,,
1216,,,Kuhl 1823 ,,,,,
1217,,,"White, Last & Baje 2015 ",,,,,
1218,,,Müller & Henle 1841 ,,,,,
1219,,,Carvalho 2016    ,,,,,
1220,,,Loboda & Carvalho 2013,,,,,
1221,,,Carvalho 2016    ,,,,,
1222,,,"Fontenelle, Silva & Carvalho 2014",,,,,
1223,,,Loboda & Carvalho 2013,,,,,
1224,,,Carvalho 2016    ,,,,,
1225,,,"Carvalho, Rosa & Araújo 2016 ",,,,,
1226,,,"Moral-Flores, Angulo, Lopez & Bussing 2015",,,,,
1227,,,Last & Bussarawit 2016  ,,,,,
1228,,,Weigmann & Stehmann 2016  ,,,,,
1229,,,Stehmann & Weigmann 2016  ,,,,,
1230,,,Gill & Townsend 1897 ,,,,,
1231,,,"Last, Stewart & S_ret 2016 ",,,,,
1232,,,"Concha, Ebert & Long 2016 ",,,,,
1233,,,"White, Last, & Mana 2017",,,,,
1234,,,McEachran & Matheson 1995 ,,,,,
1235,,,Last & Alava 2013 ,,,,,
1236,,,"Weigmann, Stehmann & Thiel, 2015",,,,,
1237,,,Dollo 1904,,,,,
1238,,,Regan 1906,,,,,
1239,,,Last & Séret 2016  ,,,,,
1240,,,"Weigmann, Stehmann & Thiel 2014 ",,,,,
1244,,,Séret 2016    ,,,,,
1249,,,Carvalho & White 2016  ,,,,,
1250,,,White & Last 2016  ,,,,,
1251,,,"Ebert, Haas & Carvalho 2015",,,,,
1252,,,Storer 1843,,,,,
1254,,,"Kawauchi, Weigmann & Nakaya, 2014 ",,,,,
1253,,,"White & Weigmann, 2014 ",,,,,
1245,,,"Last, Séret & Naylor 2016 ",,,,,
1246,,,"White, Last & Naylor 2016 ",,,,,
1247,,,"Last, Corrigan & Naylor 2014 ",,,,,
1243,,,"Last, Ho & Chen 2013 ",,,,,
1241,,,Séret & Naylor 2016  ,,,,,
1255,,,"Sato, Steward & Nakaya 2013 ",,,,,
1256,,,Iglésias 2013 ,,,,,
1257,,,Fahmi & White 2015 ,,,,,
1258,,,"Weigmann, Ebert, Clerkin, Stehmann & Naylor 2016",,,,,
1259,,,Ebert & Clerkin 2015,,,,,
1260,,,"Kaschner, Weigmann & Thiel 2015",,,,,
1261,,,Weigmann & Kaschner 2017,,,,,
1262,,,Teng 1962,,,,,
1263,,,"White, Mana & Naylor 2016",,,,,
1264,,,"Soares, Gomes & Carvalho 2016 ",,,,,
1266,,,"Moral-Flores, Ramírez-Antonio, Angulo & de León 2015",,,,,
1267,,,Pellegrin 1914,,,,,
1268,,,"Allen, Erdmann & Dudgeon 2013 ",,,,,
1269,,,Ebert & Wilms 2013 ,,,,,
1270,,,Rafinesque 1810 ,,,,,
1271,,,"Ebert, Straube, Leslie & Weigmann 2016",,,,,
1272,,,"Vàsquez, Ebert & Long 2015 ",,,,,
1273,,,"Ebert, Papastamatiou, Kajiura & Wetherbee 2017",,,,,
1274,,,"White, Ebert, Mana & Corrigan 2017",,,,,
1275,,,Regan 1908,,,,,
1276,,,"Viana, Carvalho & Gomes 2016 ",,,,,
1277,,,"Viana, Carvalho & Gomes 2016 ",,,,,
1278,,,"Viana, Carvalho & Gomes 2016 ",,,,,
1279,,,"Viana, Lisher & Carvalho 2017",,,,,
1280,,,"Viana, Lisher & Carvalho 2017",,,,,
1281,,,"Viana, Carvalho & Gomes 2016 ",,,,,
1282,,,"Acero, Tavera, Anguila & Hernàndez 2016",,,,,
562,,,Müller & Henle 1841 ,,,,,
1248,,,"Last, Henderson & Naylor 2016 ",,,,,
979,,,Nakamura 1935 ,,,,,
556,,,Latham 1794 ,,,,,
689,,,Poey 1860 ,,,,,
690,,,Rüppell 1837 ,,,,,
692,,,Whitley 1934 ,,,,,
702,,,Müller & Henle 1839 ,,,,,
714,,,Poey 1876 ,,,,,
716,,,Ranzani 1839 ,,,,,
721,,,Bleeker 1852,,,,,
982,,,Gunnerus 1765 ,,,,,
916,,,Cuvier 1816 ,,,,,
573,,,"Last, Séret & Naylor 2020",,,,,
145,,,Last et al 2016,,,,,
156,,,Lloyd 1908 ,,,,,
734,,,Gilbert 1898 ,,,,,
735,,,Rüppell 1837 ,,,,,
189,,,Castelnau 1855 ,,,,,
557,,,Garman 1906 ,,,,,
560,,,Bleeker 1851 ,,,,,
597,,,Last et al 2016,,,,,
1034,,,Smith 1828 ,,,,,
593,,,"Last, White & Fahmi 2006 ",,,,,
601,,,Müller & Henle 1841 ,,,,,
738,,,Rüppell 1837 ,,,,,
1242,,,"Last, Kyne & Compagno 2016 ",,,,,
612,,,Last et al 2016,,,,,
1265,,,"Quattro, Driggers, Grady, Ulrich & Roberts 2013 ",,,,,
920,,,Rüppell 1837 ,,,,,
1148,,,Linnaeus 1758 ,,,,,
1190,,,Linnaeus 1758 ,,,,,
