sharkipedia_id,sharkipedia_source,sharkipedia_doi,match_method,our_doi,our_title,our_year,our_authors,our_literature_id
aguirrevillasenor2012,"AGUIRRE-VILLASEÑOR, H. & SALAS-SINGH, C. (2012) New records of the lollipop catshark Cephalurus cephalus (Scyliorhinidae) from the Gulf of California, Mexico. Revista Mexicana de Biodiversidad, 83 (1): 298",,title+year,,"New records of the lollipop catshark Cephalurus cephalus (Scyliorhinidae) from the Gulf of California, Mexico.",2012,"Aguirre-Villaseñor, H. & Salas-Singh, C. (2012)",15662.0
aguirrevillasenor2013,"AGUIRRE-VILLASEÑOR, H. & SALAS-SINGH, C. & MADRID-VERA, J. & MARTÍNEZ-ORTIZ, J. & DIDIER, D.A. & EBERT, D.A. (2013) New eastern Pacific Ocean records of Hydrolagus melanophasma, with annotations of a juvenile female. Journal of Fish Biology, 82 (2): 714",,title+year,10.1111/jfb.12012,"New eastern Pacific Ocean records of Hydrolagus melanophasma, with annotations of a juvenile female.",2013,"Aguirre-Villaseñor, H. & Salas-Singh, C. & Madrid-Vera, J. & Martínez-Ortiz, J. & Didier, D.A. & Ebert, D.A. (2013)",17767.0
akhilesh2008,"AKHILESH, K.V. & MANJEBRAYAKATH, H. & GANGA, U. & BINEESH, K.K. & RAJOOL SHANIS, C.P. (2008) Morphometric characteristics of the pelagic stingray Pteroplatytrygon violacea (Bonaparte, 1832) caught off Cochin, southwest coast of India. Journal of the Marine Biological Association of India, 50 (2) : 235",,title+year,,"Morphometric characteristics of the pelagic stingray Pteroplatytrygon violacea (Bonaparte, 1832) caught off Cochin, southwest coast of India.",2008,"Akhilesh, K.V. & Manjebrayakath, H. & Ganga, U. & Bineesh, K.K. & Rajool Shanis, C.P. (2008)",7691.0
akhilesh2009,"AKHILESH, K.V. & MANJEBRAYAKATH, H. & GANGA, U. & PILLAI, N.G.K. & SEBASTINE, M. (2009) Morphometric characteristics of deepwater stingray Plesiobatis daviesi (Wallace, 1967) collected from the Andaman Sea. Journal of the Marine Biological Association of India, 51 (2): 246",,title+year,,"Morphometric characteristics of deepwater stingray Plesiobatis daviesi (Wallace, 1967) collected from the Andaman Sea.",2009,"Akhilesh, K.V. & Manjebrayakath, H. & Ganga, U. & Pillai, N.G.K. & Sebastine, M. (2009)",7692.0
akhilesh2012,"AKHILESH, K.V. & BINEESH, K.K. & WHITE, W.T. & PILLAI, N.G.K. (2012) Aspects of the biology of the pygmy ribbontail catshark Eridacnis radcliffei Smith (Proscylliidae: Carcharhiniformes) from the southwest coast of India. Journal of Fish Biology, 81 (3): 1138",,title+year,10.1111/j.1095-8649.2012.03379.x,Aspects of the biology of the pygmy ribbontail catshark Eridacnis radcliffei Smith (Proscylliidae: Carcharhiniformes) from the southwest coast of India.,2012,"Akhilesh, K.V. & Bineesh, K.K. & White, W.T. & Pillai, N.G.K. (2012)",16508.0
akhilesh2013,"AKHILESH, K.V. & BINEESH, K.K. & GANGA, U. & PILLAI, N.G.K. (2013) Report of velvet dogfish, Zameus squamulosus (Günther, 1877) (Somniosidae: Squaliformes) from Indian waters. Indian Journal of Fisheries, 60 (3): 127",,title+year,,"Report of velvet dogfish, Zameus squamulosus (Günther, 1877) (Somniosidae: Squaliformes) from Indian waters.",2013,"Akhilesh, K.V. & Bineesh, K.K. & Ganga, U. & Pillai, N.G.K. (2013)",19782.0
akhilesh2013a,"AKHILESH, K.V. & BINEESH, K.K. & GANGA, U. & PILLAI, N.G.K. (2013) Report of crocodile shark Pseudocarcharias kamoharai (Pseudocarchariidae) from deep waters off the south-west coast of India. Marine Biodiversity Records, 6: e99",,title+year,10.1017/s1755267213000778,Report of crocodile shark Pseudocarcharias kamoharai (Pseudocarchariidae) from deep waters off the south-west coast of India.,2013,"Akhilesh, K.V. & Bineesh, K.K. & Ganga, U. & Pillai, N.G.K. (2013)",19673.0
akhilesh2013b,"AKHILESH, K.V. & BINEESH, K.K. & WHITE, W.T. & SHANIS, C.P.R. & HASHIM, M. & GANGA, U. & PILLAI, N.G.K. (2013) Catch composition, reproductive biology and diet of the bramble shark Echinorhinus brucus (Squaliformes: Echinorhinidae) from the south-eastern Arabian Sea. Journal of Fish Biology, 83 (5): 1112",,title+year,10.1111/jfb.12201,"Catch composition, reproductive biology and diet of the bramble shark Echinorhinus brucus (Squaliformes: Echinorhinidae) from the south-eastern Arabian Sea.",2013,"Akhilesh, K.V. & Bineesh, K.K. & White, W.T. & Shanis, C.P.R. & Hashim, M. & Ganga, U. & Pillai, N.G.K. (2013)",19674.0
akhilesh2013d,"AKHILESH, K.V. & WHITE, W.T. & BINEESH, K.K. & GANGA, U. & PILLAI, N.G.K. (2013) Biological observations on the bristly catshark Bythaelurus hispidus from deep waters off the south-west coast of India. Journal of Fish Biology, 82 (5): 1582",,title+year,10.1111/jfb.12087,Biological observations on the bristly catshark Bythaelurus hispidus from deep waters off the south-west coast of India.,2013,"Akhilesh, K.V. & White, W.T. & Bineesh, K.K. & Ganga, U. & Pillai, N.G.K. (2013)",19296.0
akhilesh2014a,"AKHILESH, K.V. & BINEESH, K.K. & MISHRA, S.S. & GANGA, U. & PILLAI, N.G.K. (2014) Notes on the Indian swellshark, Cephaloscyllium silasi (Scyliorhinidae: Carcharhiniformes) from deep waters off the west coast of India. Marine Biodiversity Records, 7: e25",,title+year,10.1017/s1755267214000141,"Notes on the Indian swellshark, Cephaloscyllium silasi (Scyliorhinidae: Carcharhiniformes) from deep waters off the west coast of India.",2014,"Akhilesh, K.V. & Bineesh, K.K. & Mishra, S.S. & Ganga, U. & Pillai, N.G.K. (2014)",20519.0
alejoplata2016,"ALEJO-PLATA, M.D. & AHUMADA-SEMPOAL, M.A. & GOMEZ-MARQUEZ, J.L. & GONZALEZ-ACOSTA, A. (2016) Population structure and reproductive characteristics of the silky shark Carcharhinus falciformis (Muller & Henle, 1839) (Carcharhiniformes: Carcharhinidae) off the coast of Oaxaca, Mexico. Latin American Journal of Aquatic Research, 44 (3): 513",,title+year,10.3856/vol44-issue3-fulltext-10,"Population structure and reproductive characteristics of the silky shark Carcharhinus falciformis (Muller & Henle, 1839) (Carcharhiniformes: Carcharhinidae) off the coast of Oaxaca, Mexico.",2016,"Alejo-Plata, M.D. & Ahumada-Sempoal, M.A. & Gomez-Marquez, J.L. & Gonzalez-Acosta, A. (2016)",24593.0
andrade2008,"ANDRADE, A.C. & SILVA-JUNIOR, L.C. & VIANNA, M. (2008) Reproductive biology and population variables of the Brazilian sharpnose shark Rhizoprionodon lalandii (Müller & Henle, 1839) captured in coastal waters of south-eastern Brazil. Journal of Fish Biology, 72 (3): 473",,title+year,10.1111/j.1095-8649.2007.01706.x,"Reproductive biology and population variables of the Brazilian sharpnose shark Rhizoprionodon lalandii (Müller & Henle, 1839) captured in coastal waters of south-eastern Brazil.",2008,"Andrade, A.C. & Silva-Junior, L.C. & Vianna, M. (2008)",4927.0
anisladotolentino2001,"ANISLADO-TOLENTINO, V. & ROBINSON-MENDOZA, R. (2001) Age and growth for the scalloped hammerhead shark, Sphyrna lewini (Griffith and Smith, 1834) along the central pacific coast of Mexico. Ciencias Marinas, 27 (4): 501",,title+year,,"Age and growth for the scalloped hammerhead shark, Sphyrna lewini (Griffith and Smith, 1834) along the central pacific coast of Mexico.",2001,"Anislado-Tolentino, V. & Robinson-Mendoza, R. (2001)",5651.0
avsar2001,"AVSAR, D. (2001) Age, Size, reproduction and feeding of the spurdog (Squalus acanthias Linnaeus, 1758) in the South-eastern Black Sea. Estuarine, Coastal and Shelf Science, 52 (2): 269",,title+year,10.1006/ecss.2000.0749,"Age, Size, reproduction and feeding of the spurdog (Squalus acanthias Linnaeus, 1758) in the South-eastern Black Sea.",2001,"Avsar, D. (2001)",5220.0
awruch2009,"AWRUCH, C.A. & PANKHURST, N.W. & FRUSHER, S.D. & STEVENS, J.D. (2009) Reproductive seasonality and embryo development in the draughtboard shark Cephaloscyllium laticeps. Marine and Freshwater Research, 60 (12): 1265",,title+year,10.1071/mf09030,Reproductive seasonality and embryo development in the draughtboard shark Cephaloscyllium laticeps.,2009,"Awruch, C.A. & Pankhurst, N.W. & Frusher, S.D. & Stevens, J.D. (2009)",5456.0
azevedo2003,"AZEVEDO, J.M.N. & SOUSA, F.L. & BRUM, J.M.M. (2003) Dermal denticles and morphometrics of the sailfin roughshark Oxynotus paradoxus (Elasmobranchii, Oxynotidae), with comments on its geographic distribution. Cybium, 27 (2): 117",,title+year,,"Dermal denticles and morphometrics of the sailfin roughshark Oxynotus paradoxus (Elasmobranchii, Oxynotidae), with comments on its geographic distribution.",2003,"Azevedo, J.M.N. & Sousa, F.L. & Brum, J.M.M. (2003)",108.0
barnett2006,"BARNETT, L.A.K. & DIDIER, D.A. & LONG, D.J. & EBERT, D.A. (2006) Hydrolagus mccoskeri sp. nov., a new species of chimaeroid fish from the Galápagos Islands (Holocephali: Chimaeriformes: Chimaeridae). Zootaxa, 1328: 27",,title+year,,"Hydrolagus mccoskeri sp. nov., a new species of chimaeroid fish from the Galápagos Islands (Holocephali: Chimaeriformes: Chimaeridae).",2006,"Barnett, L.A.K. & Didier, D.A. & Long, D.J. & Ebert, D.A. (2006)",3924.0
bejaranoalvarez2011,"BEJARANO-ÁLVAREZ, M. & GALVÁN-MAGAÑA, F. & OCHOA-BÁEZ, R.I. (2011) Reproductive biology of the scalloped hammerhead shark Sphyrna lewini.(Chondrichthyes: Sphyrnidae) off south-west Mexico. Aqua, International Journal of Ichthyology, 17 (1): 11",,title+year,,Reproductive biology of the scalloped hammerhead shark Sphyrna lewini.(Chondrichthyes: Sphyrnidae) off south-west Mexico.,2011,"Bejarano-Álvarez, M. & Galván-Magaña, F. & Ochoa-Báez, R.I. (2011)",13057.0
bizzarro2007a,"BIZZARRO, J.J. & SMITH, W.D. & MARQUEZ-FARIAS, J.F. & HUETER, R.E. (2007) Artisanal fisheries and reproductive biology of the golden cownose ray, Rhinoptera steindachneri Evermann and Jenkins, 1891, in the northern Mexican Pacific. Fisheries Research, 84 (2): 137",,title+year,10.1016/j.fishres.2006.10.016,"Artisanal fisheries and reproductive biology of the golden cownose ray, Rhinoptera steindachneri Evermann and Jenkins, 1891, in the northern Mexican Pacific.",2007,"Bizzarro, J.J. & Smith, W.D. & Marquez-Farias, J.F. & Hueter, R.E. (2007)",6484.0
blancoparra2008,"BLANCO-PARRA, M.P. & GALVÁN-MAGAÑA, F. & MÁRQUEZ-FARÍAS, F. (2008) Age and growth of the blue shark, Prionace glauca Linnaeus, 1758, in the Northwest coast off Mexico. Revista de Biología Marina y Oceanografía, 43 (3): 513",,title+year,,"Age and growth of the blue shark, Prionace glauca Linnaeus, 1758, in the Northwest coast off Mexico.",2008,"Blanco-Parra, M.P. & Galván-Magaña, F. & Márquez-Farías, F. (2008)",11330.0
bond2018,"BOND, M.E. & VALENTIN-ALBANESE, J. & BABCOCK, E.A. & HUSSEY, N.E. & HEITHAUS, M.R. & CHAPMAN, D.D. (2018) The trophic ecology of Caribbean reef sharks (Carcharhinus perezi) relative to other large teleost predators on an isolated coral atoll. Marine Biology, 165: 67",,title+year,10.1007/s00227-018-3322-2,The trophic ecology of Caribbean reef sharks (Carcharhinus perezi) relative to other large teleost predators on an isolated coral atoll.,2018,"Bond, M.E. & Valentin-Albanese, J. & Babcock, E.A. & Hussey, N.E. & Heithaus, M.R. & Chapman, D.D. (2018)",26177.0
bonfil1993,"BONFIL, R. & MENA, R. & DE ANDA, D. (1993) Biological parameters of commercially exploited silky sharks, Carcharhinus falciformis, from the Campeche Bank, Mexico. In: Conservation Biology of Elasmobranchs. Ed. by S. Branstetter. NOAA Technical Report NMFS, 115: 73",,title+year,,"Biological parameters of commercially exploited silky sharks, Carcharhinus falciformis, from the Campeche Bank, Mexico.",1993,"Bonfil, R. & Mena, R. & de Anda, D. (1993)",5493.0
brame2019,"Brame AB, Wiley TR, Carlson JK, Fordham SV and others (2019) Biology, ecology, and status of the smalltooth sawfish Pristis pectinata in the USA. Endang Species Res 39:9-23. https://doi.org/10.3354/esr00952",10.3354/esr00952,doi,10.3354/esr00952,"Biology, ecology, and status of the smalltooth sawfish Pristis pectinata in the USA.",2019,"Brame, A.B. & Wiley, T.R. & Carlson, J.K. & Fordham, S.V. & Grubbs, R.D. & Osborne, J. & Scharer, R.M. & Bethea, D.M. & Poulakis, G.R. (2019)",27641.0
branstetter1987,"BRANSTETTER, S. (1987) Age and growth-estimates for blacktip, Carcharhinus limbatus, and spinner, C. brevipinna, sharks from the northwestern Gulf of Mexico. Copeia, 1987 (4): 964",,title+year,,"Age and growth-estimates for blacktip, Carcharhinus limbatus, and spinner, C. brevipinna, sharks from the northwestern Gulf of Mexico.",1987,"Branstetter, S. (1987)",5741.0
branstetter1987c,"BRANSTETTER, S. & STILES, R. (1987) Age and growth estimates of the bull shark, Carcharhinus leucas, from the northern Gulf of Mexico. Environmental Biology of Fishes, 20 (3): 169",,title+year,10.1007/bf00004952,"Age and growth estimates of the bull shark, Carcharhinus leucas, from the northern Gulf of Mexico.",1987,"Branstetter, S. & Stiles, R. (1987)",5544.0
brown1988,"BROWN, C.A. & GRUBER, S.H. (1988) Age Assessment of the Lemon Shark, Negaprion brevirostris, Using Tetracycline Validated Vertebral Centra. Copeia, 1988 (3): 747",,title+year,,"Age Assessment of the Lemon Shark, Negaprion brevirostris, Using Tetracycline Validated Vertebral Centra.",1988,"Brown, C.A. & Gruber, S.H. (1988)",5248.0
bullis1966,"BULLIS, H.R. & CARPENTER, J.S. (1966) Neoharriotta carri: A new species of Rhinochimaeridae from the southern Caribbean Sea. Copeia, 1966 (3): 443",,title+year,,Neoharriotta carri: A new species of Rhinochimaeridae from the southern Caribbean Sea.,1966,"Bullis, H.R. & Carpenter, J.S. (1966)",3658.0
bustamante2012a,"BUSTAMANTE, C. & FLORES, H. & CONCHA-PEREZ, Y. & VARGAS-CARO, C. & LAMILLA, J. & BENNETT, M.B. (2012) First record of Hydrolagus melanophasma James, Ebert, Long & Didier, 2009 (Chondrichthyes, Chimaeriformes, Holocephali) from the southeastern Pacific Ocean. Latin American Journal of Aquatic Research, 40 (1): 236",,title+year,,"First record of Hydrolagus melanophasma James, Ebert, Long & Didier, 2009 (Chondrichthyes, Chimaeriformes, Holocephali) from the southeastern Pacific Ocean.",2012,"Bustamante, C. & Flores, H. & Concha-Perez, Y. & Vargas-Caro, C. & Lamilla, J. & Bennett, M.B. (2012)",15324.0
caldas2009,"CALDAS, A.J.P. & DIDIER, D.A. & SANTOS-MARTÍNEZ, A. & ACERO, A.P. (2009) New record of Chimaera cubana Howell-Rivero (Chondrichthyes: Holocephali: Chimaeridae) from the western Caribbean Sea. Pan-American Journal of Aquatic Sciences, 4 (4): 583",,title+year,,New record of Chimaera cubana Howell-Rivero (Chondrichthyes: Holocephali: Chimaeridae) from the western Caribbean Sea.,2009,"Caldas, A.J.P. & Didier, D.A. & Santos-Martínez, A. & Acero, A.P. (2009)",12603.0
calis2005,"CALIS, E. & JACKSON, E.H. & NOLAN, C.P. & JEAL, F. (2005) Preliminary Age and Growth Estimates of the Rabbitfish, Chimaera monstrosa, with Implications for Future Resource Management. Journal of Northwest Atlantic Fishery Science, 35: 15",,title+year,10.2960/j.v36.m501,"Preliminary Age and Growth Estimates of the Rabbitfish, Chimaera monstrosa, with Implications for Future Resource Management.",2005,"Calis, E. & Jackson, E.H. & Nolan, C.P. & Jeal, F. (2005)",7496.0
capape1998,"CAPAPÉ, C. & DIOP, M. & N'DAO, M. (1998) Record of four pregnant females of the scalloped hammerhead, Sphyrna lewini (Sphyrnidae) in Senegalese waters. Cybium, 22 (1): 89",,title+year,,"Record of four pregnant females of the scalloped hammerhead, Sphyrna lewini (Sphyrnidae) in Senegalese waters.",1998,"Capapé, C. & Diop, M. & N'dao, M. (1998)",20488.0
capape1999,"CAPAPÉ, C. & SECK, A.A. & QUIGNARD, J.-P. (1999) Aspects of the reproductive biology of the angular rough shark, Oxynotus centrina (Oxynotidae). Cybium, 23 (3): 259",,title+year,,"Aspects of the reproductive biology of the angular rough shark, Oxynotus centrina (Oxynotidae).",1999,"Capapé, C. & Seck, A.A. & Quignard, J.-P. (1999)",22762.0
capape2005a,"CAPAPÉ, C. & DIATTA, Y. & DIOP, M. & REYNAUD, C. & GUELORGET, O. (2005) New data on the reproductive biology of the Atlantic weasel shark, Paragaleus pectoralis (Chondrichthyes : Hemigaleidae) from the coast of Senegal (eastern tropical Atlantic). Cybium, 29 (4): 363",,title+year,,"New data on the reproductive biology of the Atlantic weasel shark, Paragaleus pectoralis (Chondrichthyes: Hemigaleidae) from the coast of Senegal (eastern tropical Atlantic).",2005,"Capapé, C. & Diatta, Y. & Diop, M. & Reynaud, C. & Guelorget, O. (2005)",23320.0
capape2008c,"CAPAPÉ, C. & REYNAUD, C. & VERGNE, Y. & QUIGNARD, J.-P. (2008) Biological observations on the smallspotted catshark Scyliorhinus canicula (Chondrichthyes: Scyliorhinidae) off the Languedocian coast (southern France, northern Mediterranean). Pan-American Journal of Aquatic Sciences, 3 (3): 282",,title+year,,"Biological observations on the smallspotted catshark Scyliorhinus canicula (Chondrichthyes: Scyliorhinidae) off the Languedocian coast (southern France, northern Mediterranean).",2008,"Capapé, C. & Reynaud, C. & Vergne, Y. & Quignard, J.-P. (2008)",4781.0
carlson2015,"CARLSON, J.K. & SIMPFENDORFER, C.A. (2015) Recovery potential of smalltooth sawfish, Pristis pectinata, in the United States determined using population viability models. Aquatic Conservation: Marine and Freshwater Ecosystems, 25 (2): 187",,title+year,10.1002/aqc.2434,"Recovery potential of smalltooth sawfish, Pristis pectinata, in the United States determined using population viability models.",2015,"Carlson, J.K. & Simpfendorfer, C.A. (2015)",20250.0
carpenter1966,"CARPENTER, J.S. (1966) Capture of immature Oxynotus caribbaeus Cervigón from the type locality. Copeia, 1966 (2): 356",,title+year,,Capture of immature Oxynotus caribbaeus Cervigón from the type locality.,1966,"Carpenter, J.S. (1966)",2811.0
carrerafernandez2010,"CARRERA-FERNÁNDEZ, M. & GALVÁN-MAGAÑA, F. & CEBALLOS-VÁZQUEZ, B.P. (2010) Reproductive biology of the blue shark Prionace glauca (Chondrichthyes: Carcharhinidae) off Baja California Sur, México. Aqua, International Journal of Ichthyology, 16 (3): 101",,title+year,,"Reproductive biology of the blue shark Prionace glauca (Chondrichthyes: Carcharhinidae) off Baja California Sur, México.",2010,"Carrera-Fernández, M. & Galván-Magaña, F. & Ceballos-Vázquez, B.P. (2010)",13054.0
castro1989,"CASTRO, J.I. (1989) The biology of the golden hammerhead, Sphyrna tudes, off Trinidad. Environmental Biology of Fishes, 24 (1): 3",,title+year,10.1007/bf00001605,"The biology of the golden hammerhead, Sphyrna tudes, off Trinidad.",1989,"Castro, J.I. (1989)",4630.0
castro2016a,"CASTRO, J.I. & SATO, K. & BODINE, A.B. (2016) A novel mode of embryonic nutrition in the tiger shark, Galeocerdo cuvier. Marine Biology Research, 12 (2): 200",,title+year,10.1080/17451000.2015.1099677,"A novel mode of embryonic nutrition in the tiger shark, Galeocerdo cuvier.",2016,"Castro, J.I. & Sato, K. & Bodine, A.B. (2016)",24063.0
castroaguirre2007a,"CASTRO-AGUIRRE, J.L. & HERNÁNDEZ, H.S. & ESPINO-BARR, E. & JIMÉNEZ QUIROZ, M.C. (2007) Primer registro de Harriota raleighiana (Chondrichthyes: Holocephali: Rhinochimaeridae) en la costa del Pacífi co central de México. Revista Mexicana de Biodiversidad, 78: 489",,title+year,,Primer registro de Harriota raleighiana (Chondrichthyes: Holocephali: Rhinochimaeridae) en la costa del Pacífi co central de México.,2007,"Castro-Aguirre, J.L. & Hernández, H.S. & Espino-Barr, E. & Jiménez Quiroz, M.C. (2007)",12257.0
cervantesgutierrez2018,"CERVANTES-GUTIÉRREZ, F. & TOVAR-ÁVILA, J. & GALVÁN-MAGAÑA, F. (2018) Age and growth of the banded guitarfish Zapteryx exasperata (Chondrichthyes: Trygonorrhinidae). Marine and Freshwater Research, 69 (1): 66-73",,title+year,10.1071/mf16403,Age and growth of the banded guitarfish Zapteryx exasperata (Chondrichthyes: Trygonorrhinidae).,2018,"Cervantes-Gutiérrez, F. & Tovar-Ávila, J. & Galván-Magaña, F. (2018)",25911.0
cigalafulgosi1983a,"CIGALA-FULGOSI, F. (1983) Confirmation of the presence of Carcharhinus brachyurus (Günther, 1870) (Pisces, Selachii, Carcharhinidae) in the Mediterranean. Doriana, Supplemento Annali del Museo Civico di Storia Naturale G. Doria, 5 (249): 5 pp.",,title+year,,"Confirmation of the presence of Carcharhinus brachyurus (Günther, 1870) (Pisces, Selachii, Carcharhinidae) in the Mediterranean.",1983,"Cigala-Fulgosi, F. (1983)",465.0
compagno1990e,"COMPAGNO, L.J.V. & STEHMANN, M. & EBERT, D.A. (1990) Rhinochimaera africana, a new longnosed chimaera from southern Africa, with comments on the systematics and distribution of the genus Rhinochimaera Garman, 1901 (Chondrichthyes, Chimaeriformes, Rhinochimaeridae). South African Journal of Marine Research, 9: 201",,title+year,,"Rhinochimaera africana, a new longnosed chimaera from southern Africa, with comments on the systematics and distribution of the genus Rhinochimaera Garman, 1901 (Chondrichthyes, Chimaeriformes, Rhinochimaeridae).",1990,"Compagno, L.J.V. & Stehmann, M. & Ebert, D.A. (1990)",3879.0
corgos2016,"CORGOS, A. & ROSENDE-PEREIRO, A. (2016) First record of the whitetip reef shark, Triaenodon obesus from the coast of Jalisco, western Mexico mainland. Marine Biodiversity Records, 9: 66",,title+year,10.1186/s41200-016-0069-7,"First record of the whitetip reef shark, Triaenodon obesus from the coast of Jalisco, western Mexico mainland.",2016,"Corgos, A. & Rosende-Pereiro, A. (2016)",24902.0
corroespinosa2011,"CORRO-ESPINOSA, D. & MÁRQUEZ-FARÍAS, J.F. & MUHLIA-MELO, A. (2011) Size at maturity of the Pacific sharpnose shark Rhizoprionodon longurio in the Gulf of California, Mexico. Ciencias Marinas, 37 (2): 201",,title+year,,"Size at maturity of the Pacific sharpnose shark Rhizoprionodon longurio in the Gulf of California, Mexico.",2011,"Corro-Espinosa, D. & Márquez-Farías, J.F. & Muhlia-Melo, A. (2011)",13165.0
cruz2011,"CRUZ, A. & SORIANO, S.R. & SANTANA, H. & RAMIREZ, C.E. & VALDEZ, J.J. (2011) La pesqueria de tiburones oceanicos-costeros en los litorales de Colima, Jalisco y Michoacan. Revista de Biología Tropical, 59 (2): 655",,title+year,,"La pesqueria de tiburones oceanicos-costeros en los litorales de Colima, Jalisco y Michoacan.",2011,"Cruz, A. & Soriano, S.R. & Santana, H. & Ramirez, C.E. & Valdez, J.J. (2011)",13438.0
cruzmartinez2004,"CRUZ-MARTÍNEZ, A. & CHIAPPA-CARRARA, X. & ARENAS-FUENTES, V. (2004) Age and Growth of the Bull Shark, Carcharhinus leucas, from Southern Gulf of Mexico. Journal of Northwest Atlantic Fishery Science, 35: 367",,title+year,10.2960/j.v35.m481,"Age and Growth of the Bull Shark, Carcharhinus leucas, from Southern Gulf of Mexico.",2004,"Cruz-Martínez, A. & Chiappa-Carrara, X. & Arenas-Fuentes, V. (2004)",7492.0
cusalazar2014,"CU-SALAZAR, N.-H. & CARLOS PEREZ-JIMENEZ, J. & MENDEZ-LOEZA, I. & MENDOZA-CARRANZA, M. (2014) Reproductive parameters of females of butterfly ray Gymnura micrura (Elasmobranchii) in the southern Gulf of Mexico. Hidrobiológica, 24 (2): 109",,title+year,,Reproductive parameters of females of butterfly ray Gymnura micrura (Elasmobranchii) in the southern Gulf of Mexico.,2014,"Cu-Salazar, N.-H. & Carlos Perez-Jimenez, J. & Mendez-Loeza, I. & Mendoza-Carranza, M. (2014)",22043.0
davilaortiz2002,"DÁVILA-ORTIZ, J. (2002) Biologiá reproductiva de la raya mariposa Gymnura marmorata (Cooper 1863), en Bahía Almejas, B.C.S., México. Thesis de Licenciatura. 38 p.",,title+year,,"Biologiá reproductiva de la raya mariposa Gymnura marmorata (Cooper 1863), en Bahía Almejas, B.C.S., México.",2002,"Dávila-Ortiz, J. (2002)",
devadoss1988a,"DEVADOSS, P. (1988) Observations on the breeding and development of some sharks. Journal of the Marine Biological Association of India, 30 (1",,title+year,,Observations on the breeding and development of some sharks.,1988,"Devadoss, P. (1988)",4380.0
devadoss1989a,"DEVADOSS, P. & GNANAMUTTU, J.C. & SRINIVASARENGAN, S. & SUBRAMANI, S. (1989) On the landing of a large saw fish at Madras. Marine Fisheries Information Service, Technical and Extension Series, 98: 13",,title+year,,On the landing of a large saw fish at Madras.,1989,"Devadoss, P. & Gnanamuttu, J.C. & Srinivasarengan, S. & Subramani, S. (1989)",11905.0
didier1996,"DIDIER, D.A. & STEHMANN, M. (1996) Neoharriotta pumila, a new species of longnose Chimaera from the northwestern Indian Ocean (Pisces, Holocephali, Rhinochimaeridae). Copeia, 1996 (4): 955",,title+year,,"Neoharriotta pumila, a new species of longnose Chimaera from the northwestern Indian Ocean (Pisces, Holocephali, Rhinochimaeridae).",1996,"Didier, D.A. & Stehmann, M. (1996)",3585.0
didier1999,"DIDIER, D.A. & NAKAYA, K. (1999) Redescription of Rhinochimaera pacifica (Mitsukuri) and first record of R. africana Compagno, Stehmann & Ebert from Japan (Chimaeriformes: Rhinochimaeridae). Ichthyological Research, 46 (2): 139",,title+year,10.1007/bf02675432,"Redescription of Rhinochimaera pacifica (Mitsukuri) and first record of R. africana Compagno, Stehmann & Ebert from Japan (Chimaeriformes: Rhinochimaeridae).",1999,"Didier, D.A. & Nakaya, K. (1999)",3715.0
didier2002a,"DIDIER, D.A. (2002) Two new species of chimaeroid fishes from the southwestern Pacific Ocean (Holocephali, Chimaeridae). Ichthyological Research, 49 (4): 299",,title+year,10.1007/s102280200045,"Two new species of chimaeroid fishes from the southwestern Pacific Ocean (Holocephali, Chimaeridae).",2002,"Didier, D.A. (2002)",4381.0
didier2008a,"DIDIER, D.A. & LAST, P.R. & WHITE, W.T. (2008) Three new species of the genus Chimaera Linnaeus (Chimaeriformes: Chimaeridae) from Australia. CSIRO Marine and Atmospheric Research Paper, 22: 327",,title+year,,Three new species of the genus Chimaera Linnaeus (Chimaeriformes: Chimaeridae) from Australia.,2008,"Didier, D.A. & Last, P.R. & White, W.T. (2008)",3357.0
diez2017,"DÍEZ, G. & MUGERZA, E. (2017) The first record of the sicklefin chimaera Neoharriotta pinnata (Chimaeriformes: Rhinochimaeridae) in the southern Bay of Biscay (North-East Atlantic). Journal of Ichthyology, 57 (5): 776",,title+year,10.1134/s0032945217050046,The first record of the sicklefin chimaera Neoharriotta pinnata (Chimaeriformes: Rhinochimaeridae) in the southern Bay of Biscay (North-East Atlantic).,2017,"Díez, G. & Mugerza, E. (2017)",25827.0
dolganov2017,"DOLGANOV, V.N. (2017) Rhinochimaeridae (Chimaeriformes): a new family of chimaeras for the fauna of Russia. Russian Journal of Marine Biology, 43 (1): 99",,title+year,10.1134/s1063074017010047,Rhinochimaeridae (Chimaeriformes): a new family of chimaeras for the fauna of Russia.,2017,"Dolganov, V.N. (2017)",25209.0
dragicevic2009,"DRAGICEVIC, B. & DULCIC, J. & CAPAPÉ, C. (2009) Capture of a rare shark, Oxynotus centrina (Chondrichthyes: Oxynotidae) in the eastern Adriatic Sea. Journal of Applied Ichthyology, 25 (S1): 56",,title+year,10.1111/j.1439-0426.2009.01265.x,"Capture of a rare shark, Oxynotus centrina (Chondrichthyes: Oxynotidae) in the eastern Adriatic Sea.",2009,"Dragicevic, B. & Dulcic, J. & Capapé, C. (2009)",6164.0
drew2015,"DREW, M. & WHITE, W.T. & DHARMADI & HARRY, A.V. & HUVENEERS, C. (2015) Age, growth and maturity of the pelagic thresher Alopias pelagicus and the scalloped hammerhead Sphyrna lewini. Journal of Fish Biology, 86 (1): 333",,title+year,10.1111/jfb.12586,"Age, growth and maturity of the pelagic thresher Alopias pelagicus and the scalloped hammerhead Sphyrna lewini.",2015,"Drew, M. & White, W.T. & Dharmadi & Harry, A.V. & Huveneers, C. (2015)",21988.0
drew2017,"DREW, M. & ROGERS, P. & HUVENEERS, C. (2017) Slow life-history traits of a neritic predator, the bronze whaler (Carcharhinus brachyurus). Marine and Freshwater Research, 68 (3): 461",,title+year,10.1071/mf15399,"Slow life-history traits of a neritic predator, the bronze whaler (Carcharhinus brachyurus).",2017,"Drew, M. & Rogers, P. & Huveneers, C. (2017)",25120.0
driggers2004a,"DRIGGERS, W.B. & OAKLEY, D.A. & ULRICH, G. & CARLSON, J.K. & CULLUM, B.J. & DEAN, J.M. (2004) Reproductive biology of Carcharhinus acronotus in the coastal waters of South Carolina. Journal of Fish Biology, 64 (6): 1540",,title+year,10.1111/j.0022-1112.2004.00408.x,Reproductive biology of Carcharhinus acronotus in the coastal waters of South Carolina.,2004,"Driggers, W.B. & Oakley, D.A. & Ulrich, G. & Carlson, J.K. & Cullum, B.J. & Dean, J.M. (2004)",4954.0
driggers2010,"DRIGGERS, W.B. & BURGESS, G.H. & HAMILTON, A.N. & HOPKINS, N.M. & SCHOBERND, C.M. (2010) Squaliolus laticaudus in the Western North Atlantic Ocean: Distributional and Life History Observations. Bulletin of Marine Science, 86 (4): 831",,title+year,10.5343/bms.2010.1009,Squaliolus laticaudus in the Western North Atlantic Ocean: Distributional and Life History Observations.,2010,"Driggers, W.B. & Burgess, G.H. & Hamilton, A.N. & Hopkins, N.M. & Schobernd, C.M. (2010)",11290.0
driggers2014,"DRIGGERS, W.B. & DAVIS, K.S. & MOORE, C. & CARLSON, J.K. (2014) New record of a goblin shark Mitsukurina owstoni (Lamniformes: Mitsukurinidae) in the western North Atlantic Ocean. Marine Biodiversity Records, 7: e96",,title+year,10.1017/s1755267214000876,New record of a goblin shark Mitsukurina owstoni (Lamniformes: Mitsukurinidae) in the western North Atlantic Ocean.,2014,"Driggers, W.B. & Davis, K.S. & Moore, C. & Carlson, J.K. (2014)",21574.0
ebert2009b,"EBERT, D.A. & COMPAGNO, L.J.V. (2009) Chlamydoselachus africana, a new species of frilled shark from southern Africa (Chondrichthyes, Hexanchiformes, Chlamydoselachidae). Zootaxa, 2173: 1",,title+year,,"Chlamydoselachus africana, a new species of frilled shark from southern Africa (Chondrichthyes, Hexanchiformes, Chlamydoselachidae).",2009,"Ebert, D.A. & Compagno, L.J.V. (2009)",5180.0
ebert2017f,"EBERT, D.A. & DE SILVA, R.I. & GOONEWARDENA, M.L. (2017) First record of the Dwarf False Catshark, Planonasus parini (Carcharhiniformes: Pseudotriakidae) from Sri Lanka. Loris, 27 (5/6): 63-64",,title+year,,"First record of the Dwarf False Catshark, Planonasus parini (Carcharhiniformes: Pseudotriakidae) from Sri Lanka.",2017,"Ebert, D.A. & de Silva, R.I. & Goonewardena, M.L. (2017)",25355.0
ehemaan2017a,"Ehemaan et al. (2017) Size–weight relationships of batoids captured by artisanal fishery in the southern Gulf of California, Mexico. J. Appl. Ichthy.  	10.1111/jai.13421",10.1111/jai.13421,doi,10.1111/jai.13421,"Size–weight relationships of batoids captured by artisanal fishery in the southern Gulf of California, Mexico.",2017,"Ehemann, N.R. & Pérez-Palafox, X.A. & Mora-Zamacona, P. & Burgos-Vázquez, M.I. & Navia, A.F. & Mejía-Falla, P.A. & Cruz-Escalona, V.H. (2017)",25433.0
elhassan2018,"ELHASSAN, I.S. (2018) Occurrence of the green sawfish Pristis zijsron in the Sudanese Red Sea with observations on reproduction. Endangered Species Research, 36: 41-47",,title+year,10.3354/esr00873,Occurrence of the green sawfish Pristis zijsron in the Sudanese Red Sea with observations on reproduction.,2018,"Elhassan, I.S. (2018)",26250.0
feitosa2016,"FEITOSA, L.M. & MARTINS, A.P.B. & NUNES, J.L.S. (2016) New record of Carcharhinus leucas (Valenciennes, 1839) in an equatorial river system. Marine Biodiversity Records, 9: 87",,title+year,10.1186/s41200-016-0094-6,"New record of Carcharhinus leucas (Valenciennes, 1839) in an equatorial river system.",2016,"Feitosa, L.M. & Martins, A.P.B. & Nunes, J.L.S. (2016)",24492.0
feldheim2002a,"FELDHEIM, K.A. & GRUBER, S.H. & ASHLEY, M.V. (2002) The breeding biology of lemon sharks at a tropical nursery lagoon. Proceedings of the Royal Society of London, Series B, 269: 1655",,title+year,10.1098/rspb.2002.2051,The breeding biology of lemon sharks at a tropical nursery lagoon.,2002,"Feldheim, K.A. & Gruber, S.H. & Ashley, M.V. (2002)",5380.0
feldheim2017a,"FELDHEIM, K.A. & FIELDS, A.T. & CHAPMAN, D.D. & SCHARER, R.M. & POULAKIS, G.R. (2017) Insights into reproduction and behavior of the smalltooth sawfish Pristis pectinata. Endangered Species Research, 34: 463-471",,title+year,10.3354/esr00868,Insights into reproduction and behavior of the smalltooth sawfish Pristis pectinata.,2017,"Feldheim, K.A. & Fields, A.T. & Chapman, D.D. & Scharer, R.M. & Poulakis, G.R. (2017)",25967.0
fernandomarquezfarias2014,"FERNANDO MARQUEZ-FARIAS, J. & LARA-MENDOZA, R.E. (2014) Notes about the reproductive tract of the chimaera, Hydrolagus melanophasma (Chondrichthyes, Holocephali), from the west coast of Baja California, Mexico. Hidrobiológica, 24 (2): 151",,title+year,,"Notes about the reproductive tract of the chimaera, Hydrolagus melanophasma (Chondrichthyes, Holocephali), from the west coast of Baja California, Mexico.",2014,"Fernando Marquez-Farias, J. & Lara-Mendoza, R.E. (2014)",22046.0
finucci2016,"FINUCCI, B. & BUSTAMANTE, C. & JONES, E.G. & DUNN, M.R. (2016) Reproductive biology and feeding habits of the prickly dogfish Oxynotus bruniensis. Journal of Fish Biology, 89 (5): 2345",,title+year,10.1111/jfb.13116,Reproductive biology and feeding habits of the prickly dogfish Oxynotus bruniensis.,2016,"Finucci, B. & Bustamante, C. & Jones, E.G. & Dunn, M.R. (2016)",24413.0
finucci2017,"FINUCCI, B. & DUNN, M.R. & JONES, E.G. & ANDERSON, J. (2017) Reproductive biology of the two deep-sea chimaerids, longnose spookfish (Harriotta raleighana) and Pacific spookfish (Rhinochimaera pacifica). Deep Sea Research Part I: Oceanographic Research Papers, 120: 76",,title+year,10.1016/j.dsr.2016.11.008,"Reproductive biology of the two deep-sea chimaerids, longnose spookfish (Harriotta raleighana) and Pacific spookfish (Rhinochimaera pacifica).",2017,"Finucci, B. & Dunn, M.R. & Jones, E.G. & Anderson, J. (2017)",25198.0
finucci2017a,"FINUCCI, B. & STEVENS, D.W. & JONES, E.G. & DUNN, M.R. (2017) Some observations on the biology of two rarely seen deep-sea chimaerids, Chimaera carophila and Hydrolagus homonycteris: deep-sea chimaerids. Journal of Fish Biology, 90 (5): 2020",,title+year,10.1111/jfb.13284,"Some observations on the biology of two rarely seen deep-sea chimaerids, Chimaera carophila and Hydrolagus homonycteris: deep-sea chimaerids.",2017,"Finucci, B. & Stevens, D.W. & Jones, E.G. & Dunn, M.R. (2017)",25186.0
finucci2018b,"FINUCCI, B. & WHITE, W.T. & KEMPER, J.M. & NAYLOR, G.J.P. (2018) Redescription of Chimaera ogilbyi (Chimaeriformes; Chimaeridae) from the Indo-Australian region. Zootaxa, 4375 (2): 191-210",,title+year,10.11646/zootaxa.4375.2.2,Redescription of Chimaera ogilbyi (Chimaeriformes; Chimaeridae) from the Indo-Australian region.,2018,"Finucci, B. & White, W.T. & Kemper, J.M. & Naylor, G.J.P. (2018)",25999.0
flowers2020,"Flowers, KI, et al. (2020) Annual breeding in a captive smalltooth sawfish, Pristis pectinata. J Fish. Biol.  	10.1111/jfb.14523",10.1111/jfb.14523,doi,10.1111/jfb.14523,"Annual breeding in a captive smalltooth sawfish, Pristis pectinata.",2020,"Flowers, K.I. & Chapman, D.D. & Kemp, T. & Wert, D. & Feldheim, K.A. (2020)",28958.0
fourmanoir1961,"FOURMANOIR, P. (1961) Requins de la cote ouest de Madagascar. Mémoires de l'Institut Scientifique de Madagascar. Série F. Océanographie, 4: 1",,title+year,,Requins de la cote ouest de Madagascar.,1961,"Fourmanoir, P. (1961)",840.0
freitas2017,"FREITAS, M. & VIEIRA, S. & COSTA, L. & DELGADO, J. & BISCOITO, M. & GONZALEZ, J.A. (2017) First records of Chimaera opalescens (Holocephali: Chimaeriformes: Chimaeridae) from Madeira and north-west African Coast. Acta Ichthyologica et Piscatoria, 47 (1): 81-84",,title+year,10.3750/aiep/02114,First records of Chimaera opalescens (Holocephali: Chimaeriformes: Chimaeridae) from Madeira and north-west African Coast.,2017,"Freitas, M. & Vieira, S. & Costa, L. & Delgado, J. & Biscoito, M. & Gonzalez, J.A. (2017)",25304.0
galvantirado2015,"GALVÁN-TIRADO, C. & GALVÁN-MAGAÑA, F. & OCHOA-BÁEZ, R.I. (2015) Reproductive biology of the silky shark Carcharhinus falciformis in the southern Mexican Pacific. Journal of the Marine Biological Association of the United Kingdom, 95 (3): 561",,title+year,10.1017/s0025315414001970,Reproductive biology of the silky shark Carcharhinus falciformis in the southern Mexican Pacific.,2015,"Galván-Tirado, C. & Galván-Magaña, F. & Ochoa-Báez, R.I. (2015)",22689.0
garrick1971,"GARRICK, J.A.F. (1971) Harriotta raleighana, a long-nosed chimaera (family Rhinochimaeridae), in New Zealand waters. Journal of the Royal Society of New Zealand, 1 (3/4): 203",,title+year,,"Harriotta raleighana, a long-nosed chimaera (family Rhinochimaeridae), in New Zealand waters.",1971,"Garrick, J.A.F. (1971)",3787.0
garrick1975,"GARRICK, J.A.F. & INADA, T. (1975) Dimensions of long-nosed chimaera Harriotta raleighana from New Zealand. New Zealand Journal of Marine and Freshwater Research, 9 (2): 159",,title+year,,Dimensions of long-nosed chimaera Harriotta raleighana from New Zealand.,1975,"Garrick, J.A.F. & Inada, T. (1975)",3817.0
gennari2007,"GENNARI, E. & SCACCO, U. (2007) First age and growth estimates in the deep water shark, Etmopterus spinax (Linnaeus, 1758), by deep coned vertebral analysis. Marine Biology, 152 (5): 1207",,title+year,10.1007/s00227-007-0769-y,"First age and growth estimates in the deep water shark, Etmopterus spinax (Linnaeus, 1758), by deep coned vertebral analysis.",2007,"Gennari, E. & Scacco, U. (2007)",6765.0
guttridge2015,"GUTTRIDGE, T.L. & GULAK, S.J.B. & FRANKS, B.R. & CARLSON, J.K. & GRUBER, S.H. & GLEDHILL, K.S. & BOND, M.E. & JOHNSON, G. & GRUBBS, R.D. (2015) Occurrence and habitat use of the critically endangered smalltooth sawfish Pristis pectinata in the Bahamas. Journal of Fish Biology, 87 (6): 1322",,title+year,10.1111/jfb.12825,Occurrence and habitat use of the critically endangered smalltooth sawfish Pristis pectinata in the Bahamas.,2015,"Guttridge, T.L. & Gulak, S.J.B. & Franks, B.R. & Carlson, J.K. & Gruber, S.H. & Gledhill, K.S. & Bond, M.E. & Johnson, G. & Grubbs, R.D. (2015)",23585.0
harry2011b,"HARRY, A.V. & TOBIN, A.J. & SIMPFENDORFER, C.A. & WELCH, D.J. & MAPLESTON, A. & WHITE, J. & WILLIAMS, A.J. & STAPLEY, J. (2011) Evaluating catch and mitigating risk in a multispecies, tropical, inshore shark fishery within the Great Barrier Reef World Heritage Area. Marine and Freshwater Research, 62 (6): 710",,title+year,10.1071/mf10155,"Evaluating catch and mitigating risk in a multispecies, tropical, inshore shark fishery within the Great Barrier Reef World Heritage Area.",2011,"Harry, A.V. & Tobin, A.J. & Simpfendorfer, C.A. & Welch, D.J. & Mapleston, A. & White, J. & Williams, A.J. & Stapley, J. (2011)",13287.0
harry2013,"HARRY, A.V. & TOBIN, A.J. & SIMPFENDORFER, C.A. (2013) Age, Size and reproductive biology of the spot-tail shark, Carcharhinus sorrah, and the Australian blacktip shark, C. tilstoni, from the Great Barrier Reef World Heritage Area, north-eastern Australia. Marine and Freshwater Research, 64 (4): 277",,title+year,10.1071/mf12142,"Age, Size and reproductive biology of the spot-tail shark, Carcharhinus sorrah, and the Australian blacktip shark, C. tilstoni, from the Great Barrier Reef World Heritage Area, north-eastern Australia.",2013,"Harry, A.V. & Tobin, A.J. & Simpfendorfer, C.A. (2013)",18081.0
henderson1996,"HENDERSON, A.C. (1996) Oxynotus paradoxus Frade. Irish Naturalists Journal, 25: 228",,title+year,,Oxynotus paradoxus Frade.,1996,"Henderson, A.C. (1996)",9341.0
ho2016,"HO, H.C. & NAKAYA, K. (2016) New record of the Japanese roughshark, Oxynotus japonicus Yano et Murofushi, 1985 (Elasmobranchii: Squaliformes: Oxynotidae) in Taiwan. Acta Ichthyologica et Piscatoria, 46 (4): 357",,title+year,10.3750/aip2016.46.4.08,"New record of the Japanese roughshark, Oxynotus japonicus Yano et Murofushi, 1985 (Elasmobranchii: Squaliformes: Oxynotidae) in Taiwan.",2016,"Ho, H.C. & Nakaya, K. (2016)",25135.0
hoyospadilla2012,"HOYOS-PADILLA, E.M. & CEBALLOS-VÁZQUEZ, B.P. & GALVÁN-MAGAÑA, F. (2012) Reproductive Biology of the Silky Shark Carcharhinus falciformis (Chondrichthyes: Carcharhinidae) off the west coast of Baja California Sur, Mexico. Aqua, International Journal of Ichthyology, 18 (1): 15",,title+year,,"Reproductive Biology of the Silky Shark Carcharhinus falciformis (Chondrichthyes: Carcharhinidae) off the west coast of Baja California Sur, Mexico.",2012,"Hoyos-Padilla, E.M. & Ceballos-Vázquez, B.P. & Galván-Magaña, F. (2012)",14952.0
inada1979,"INADA, T. & GARRICK, J.A.F. (1979) Rhinochimaera pacifica, a long-snouted Chimaera (Rhinochimaeridae), in New Zealand waters. Japanese Journal of Ichthyology, 25 (4): 235",,title+year,,"Rhinochimaera pacifica, a long-snouted Chimaera (Rhinochimaeridae), in New Zealand waters.",1979,"Inada, T. & Garrick, J.A.F. (1979)",3741.0
jaimerivera2019,"JAIME-RIVERA, Mario; LOPEZ-ARCHUNDIA, Roberto Carlos y SALINAS-ZAVALA, Cesar Augusto. New size record of the lollipop shark Cephalurus cephalus caught offshore Bahía Magdalena, Mexico. Lat. Am. J. Aquat. Res. [online]. 2019, vol.47, n.4 [citado 2020-08-10], pp.706-708. Disponible en: <https://scielo.conicyt.cl/scielo.php?script=sci_arttext&pid=S0718-560X2019000400706&lng=es&nrm=iso>. ISSN 0718-560X. http://dx.doi.org/10.3856/vol47-issue4-fulltext-13.",10.3856/vol47-issue4-fulltext-13,doi,10.3856/vol47-issue4-fulltext-13,"New size record of the lollipop shark Cephalurus cephalus caught offshore Bahia Magdalena, Mexico.",2019,"Jaime-Rivera, M. & Lopez-Archundia, R.C. & Salinas-Zavala, C.A. (2019)",27658.0
jaiteha2015,"JAITEHA, V.F. & MOMIGLIANO, P. (2015) New distribution records of the Vulnerable fossil shark Hemipristis elongata from eastern Indonesia call for improved fisheries management. Marine Biodiversity Records, 8: e79",,title+year,10.1017/s1755267215000548,New distribution records of the Vulnerable fossil shark Hemipristis elongata from eastern Indonesia call for improved fisheries management.,2015,"Jaiteha, V.F. & Momigliano, P. (2015)",22672.0
james2009,"JAMES, K.C. & EBERT, D.A. & LONG, D.J. & DIDIER, D.A. (2009) A new species of chimaera, Hydrolagus melanophasma sp. nov. (Chondrichthyes: Chimaeriformes: Chimaeridae), from the eastern North Pacific. Zootaxa, 2218: 59",,title+year,,"A new species of chimaera, Hydrolagus melanophasma sp. nov. (Chondrichthyes: Chimaeriformes: Chimaeridae), from the eastern North Pacific.",2009,"James, K.C. & Ebert, D.A. & Long, D.J. & Didier, D.A. (2009)",4500.0
joel1991,"JOEL, J.J. & EBENEZER, I.P. (1991) On a bramble shark with 52 embryos. Marine Fisheries Information Service, Technical and Extension Series, 108: 15",,title+year,,On a bramble shark with 52 embryos.,1991,"Joel, J.J. & Ebenezer, I.P. (1991)",14071.0
jolly2013,"JOLLY, K.A. & DA SILVA, C. & ATTWOOD, C.G. (2013) Age, Size and reproductive biology of the blue shark Prionace glauca in South African waters. African Journal of Marine Science, 35 (1): 99",,title+year,10.2989/1814232x.2013.783233,"Age, Size and reproductive biology of the blue shark Prionace glauca in South African waters.",2013,"Jolly, K.A. & da Silva, C. & Attwood, C.G. (2013)",19338.0
joung1995,"JOUNG, S.-J. & CHEN, C.T. (1995) Reproduction in the sandbar shark, Carcharhinus plumbeus, in the waters off northeastern Taiwan. Copeia, 1995 (3): 659",,title+year,,"Reproduction in the sandbar shark, Carcharhinus plumbeus, in the waters off northeastern Taiwan.",1995,"Joung, S.-J. & Chen, C.T. (1995)",5480.0
joung2004,"JOUNG, S.-J. & LIAO, Y.-Y. & CHEN, C.T. (2004) Age and growth of sandbar shark, Carcharhinus plumbeus, in northeastern Taiwan waters. Fisheries Research, 70 (1): 83",,title+year,10.1016/j.fishres.2004.06.018,"Age and growth of sandbar shark, Carcharhinus plumbeus, in northeastern Taiwan waters.",2004,"Joung, S.-J. & Liao, Y.-Y. & Chen, C.T. (2004)",6473.0
joung2005a,"JOUNG, S.-J. & LIAO, Y.-Y. & LIU, K.-M. & CHEN, C.T. & LEU, L.-C. (2005) Age, Growth, and Reproduction of the Spinner Shark, Carcharhinus brevipinna, in the Northeastern Waters of Taiwan. Zoological Studies, 44 (1): 102",,title+year,,"Age, Growth, and Reproduction of the Spinner Shark, Carcharhinus brevipinna, in the Northeastern Waters of Taiwan.",2005,"Joung, S.-J. & Liao, Y.-Y. & Liu, K.-M. & Chen, C.T. & Leu, L.-C. (2005)",1256.0
Joung2008,"Joung, SJ, Chen, CT, Lee, HH, Liu, KM. (2008) Age, growth, and reproduction of silky sharks, Carcharhinus falciformis, in northeastern Taiwan waters. Fish. Res. 10.1016/j.fishres.2007.09.025",10.1016/j.fishres.2007.09.025,doi,10.1016/j.fishres.2007.09.025,"Age, Size, and reproduction of silky sharks, Carcharhinus falciformis, in northeastern Taiwan waters.",2008,"Joung, S.-J. & Chen, C.T. & Lee, H.H. & Liu, K.-M. (2008)",4406.0
joung2015,"JOUNG, S.-J. & CHEN, J.-H. & CHIN, C.-P. & LIU, K.-M. (2015) Age and Growth of the Dusky Shark, Carcharhinus obscurus, in the Western North Pacific Ocean. Terrestrial Atmospheric and Oceanic Sciences, 26 (2): 153",,title+year,10.3319/tao.2014.10.15.01(oc),"Age and Growth of the Dusky Shark, Carcharhinus obscurus, in the Western North Pacific Ocean.",2015,"Joung, S.-J. & Chen, J.-H. & Chin, C.-P. & Liu, K.-M. (2015)",22698.0
joung2016,"JOUNG, S.-J. & CHEN, N.-F. & HSU, H.-H. & LIU, K.-M. (2016) Estimates of life history parameters of the oceanic whitetip shark, Carcharhinus longimanus, in the Western North Pacific Ocean. Marine Biology Research, 12 (7): 758",,title+year,10.1080/17451000.2016.1203947,"Estimates of life history parameters of the oceanic whitetip shark, Carcharhinus longimanus, in the Western North Pacific Ocean.",2016,"Joung, S.-J. & Chen, N.-F. & Hsu, H.-H. & Liu, K.-M. (2016)",24389.0
kabasakal2009,"KABASAKAL, H. (2009) Observations on a rare shark, Oxynotus centrina (Chondrichthyes: Oxynotidae), in the Sea of Marmara (north-western Turkey). Pan-American Journal of Aquatic Sciences, 4 (4): 609",,title+year,,"Observations on a rare shark, Oxynotus centrina (Chondrichthyes: Oxynotidae), in the Sea of Marmara (north-western Turkey).",2009,"Kabasakal, H. (2009)",12608.0
kabasakal2015,"KABASAKAL, H. (2015) Occurrence of the Angular Rough Shark, Oxynotus centrina (Chondrichthyes: Oxynotidae) in the Eastern Mediterranean. Annales, Series Historia Naturalis, 25 (1): 1",,title+year,,"Occurrence of the Angular Rough Shark, Oxynotus centrina (Chondrichthyes: Oxynotidae) in the Eastern Mediterranean.",2015,"Kabasakal, H. (2015)",22980.0
kemper2010,"KEMPER, J.M. & EBERT, D.A. & COMPAGNO, L.J.V. & DIDIER, D.A. (2010) Chimaera notafricana sp. nov. (Chondrichthyes: Chimaeriformes: Chimaeridae), a new species of chimaera from southern Africa. Zootaxa, 2532: 55",,title+year,,"Chimaera notafricana sp. nov. (Chondrichthyes: Chimaeriformes: Chimaeridae), a new species of chimaera from southern Africa.",2010,"Kemper, J.M. & Ebert, D.A. & Compagno, L.J.V. & Didier, D.A. (2010)",9839.0
kemper2010a,"KEMPER, J.M. & EBERT, D.A. & DIDIER, D.A. & COMPAGNO, L.J.V. (2010) Description of a new species of chimaerid, Chimaera bahamaensis from the Bahamas (Holocephali: Chimaeridae). Bulletin of Marine Science, 86 (3): 649",,title+year,,"Description of a new species of chimaerid, Chimaera bahamaensis from the Bahamas (Holocephali: Chimaeridae).",2010,"Kemper, J.M. & Ebert, D.A. & Didier, D.A. & Compagno, L.J.V. (2010)",9363.0
kemper2015c,"KEMPER, J.M. & EBERT, D.A. & NAYLOR, G.J.P. & DIDIER, D.A. (2015) Chimaera carophila (Chondrichthyes: Chimaeriformes: Chimaeridae), a new species of chimaera from New Zealand. Bulletin of Marine Science, 91 (1): 63",,title+year,10.5343/bms.2014.1042,"Chimaera carophila (Chondrichthyes: Chimaeriformes: Chimaeridae), a new species of chimaera from New Zealand.",2015,"Kemper, J.M. & Ebert, D.A. & Naylor, G.J.P. & Didier, D.A. (2015)",21769.0
koehler2018,"KOEHLER, L. (2018) New records of angular rough sharks Oxynotus centrina in the coastal waters of Malta, with observations on post-capture resilience and release behaviour. Journal of Fish Biology, 92 (6): 2039-2044",,title+year,10.1111/jfb.13641,"New records of angular rough sharks Oxynotus centrina in the coastal waters of Malta, with observations on post-capture resilience and release behaviour.",2018,"Koehler, L. (2018)",26353.0
kousteni2016a,"KOUSTENI, V. & MEGALOFONOU, P. (2016) Observations on the biological traits of the rare shark Oxynotus centrina (Chondrichthyes: Oxynotidae) in the Hellenic Sea. Journal of Fish Biology, 89 (3): 1880",,title+year,10.1111/jfb.13077,Observations on the biological traits of the rare shark Oxynotus centrina (Chondrichthyes: Oxynotidae) in the Hellenic Sea.,2016,"Kousteni, V. & Megalofonou, P. (2016)",24350.0
kyne2021,"Kyne PM, Oetinger M, Grant MI, Feutry P (2021) Life history of the Critically Endangered largetooth sawfish: a compilation of data for population assessment and demographic modelling. Endang Species Res 44:79-88. https://doi.org/10.3354/esr01090",10.3354/esr01090,doi,10.3354/esr01090,Life history of the Critically Endangered largetooth sawfish: a compilation of data for population assessment and demographic modelling.,2021,"Kyne, P.M. & Oetinger, M. & Grant, M.I. & Feutry, P. (2021)",29771.0
laramendoza2014,"LARA-MENDOZA, R.E. & MARQUEZ-FARIAS, J.F. (2014) Length structure and weight-length relationship of the slaty-spotted guitarfish, Rhinobatos glaucostigma (Rajiformes: Rhinobatidae) from continental shelf of Sinaloa, Mexico. Hidrobiologica, 24 (2): 119",,title+year,,"Length structure and weight-length relationship of the slaty-spotted guitarfish, Rhinobatos glaucostigma (Rajiformes: Rhinobatidae) from continental shelf of Sinaloa, Mexico.",2014,"Lara-Mendoza, R.E. & Marquez-Farias, J.F. (2014)",22085.0
last2008u,"LAST, P.R. & WHITE, W.T. & POGONOSKI, J.J. (2008) Chimaera argiloba sp. nov., a new species of chimaerid (Chimaeriformes: Chimaeridae) from northwestern Australia. CSIRO Marine and Atmospheric Research Paper, 22: 341",,title+year,,"Chimaera argiloba sp. nov., a new species of chimaerid (Chimaeriformes: Chimaeridae) from northwestern Australia.",2008,"Last, P.R. & White, W.T. & Pogonoski, J.J. (2008)",3358.0
lessa2004,"LESSA, R. & SANTANA, F.M. & HAZIN, F.H.V. (2004) Age and growth of the blue shark Prionace glauca (Linnaeus, 1758) off north-eastern Brazil. Fisheries Research, 66 (1): 19",,title+year,10.1016/s0165-7836(03)00193-0,"Age and growth of the blue shark Prionace glauca (Linnaeus, 1758) off north-eastern Brazil.",2004,"Lessa, R. & Santana, F.M. & Hazin, F.H.V. (2004)",5687.0
liu1998,"LIU, K.-M. & CHIANG, P.J. & CHEN, C.T. (1998) Age and growth estimates of the bigeye thresher shark, Alopias superciliosus, in northeastern Taiwan waters. Fishery Bulletin, 96 (3): 482",,title+year,,"Age and growth estimates of the bigeye thresher shark, Alopias superciliosus, in northeastern Taiwan waters.",1998,"Liu, K.-M. & Chiang, P.J. & Chen, C.T. (1998)",1471.0
long1997,"LONG, D.J. (1997) First account of the birdbeak dogfish shark, Deania calcea, (Chondrichthyes: Squalidae) from the northern coast of Peru. Revista de Biología Tropical, 45 (2): 937",,title+year,,"First account of the birdbeak dogfish shark, Deania calcea, (Chondrichthyes: Squalidae) from the northern coast of Peru.",1997,"Long, D.J. (1997)",3870.0
luchetti2011,"LUCHETTI, E.A. & IGLÉSIAS, S.P. & SELLOS, D.Y. (2011) Chimaera opalescens n. sp., a new chimaeroid (Chondrichthyes: Holocephali) from the north-eastern Atlantic Ocean. Journal of Fish Biology, 79 (2): 399",,title+year,10.1111/j.1095-8649.2011.03027.x,"Chimaera opalescens n. sp., a new chimaeroid (Chondrichthyes: Holocephali) from the north-eastern Atlantic Ocean.",2011,"Luchetti, E.A. & Iglésias, S.P. & Sellos, D.Y. (2011)",13545.0
lucifora2005,"LUCIFORA, L.O. & MENNI, R.C. & ESCALANTE, A.H. (2005) Reproduction and seasonal occurrence of the copper shark, Carcharhinus brachyurus, from north Patagonia, Argentina. ICES Journal of Marine Science, 62 (1): 107",,title+year,10.1016/j.icesjms.2004.09.003,"Reproduction and seasonal occurrence of the copper shark, Carcharhinus brachyurus, from north Patagonia, Argentina.",2005,"Lucifora, L.O. & Menni, R.C. & Escalante, A.H. (2005)",5409.0
machado2000,"MACHADO, P.B. & FIGUEIREDO, I. (2000) A technique for ageing the birdbeak dogfish (Deania calcea Lowe, 1839) from dorsal spines. Fisheries Research, 45 (1): 93",,title+year,10.1016/s0165-7836(99)00100-9,"A technique for ageing the birdbeak dogfish (Deania calcea Lowe, 1839) from dorsal spines.",2000,"Machado, P.B. & Figueiredo, I. (2000)",6464.0
macneil2003,"MACNEIL, M.A. & CAMPANA, S.E. (2003) Comparison of whole and sectioned vertebrae for determining the age of young blue shark (Prionace glauca). Journal of Northwest Atlantic Fishery Science, 30: 77",,title+year,,Comparison of whole and sectioned vertebrae for determining the age of young blue shark (Prionace glauca).,2003,"Macneil, M.A. & Campana, S.E. (2003)",5394.0
marianomelendez1997,"MARIANO-MELENDÉZ, E. (1997) Biología reproductiva de la raya lodera Dasyatis brevis (Garman, 1880), en Bahía Almejas, B.C.S., México. Tesis, Universidad Autóma de Baja California Sur, La Paz, B.C.S., México. 46 p.",,title+year,,"Biología reproductiva de la raya lodera Dasyatis brevis (Garman, 1880), en Bahía Almejas, B.C.S., México.",1997,"Mariano-Melendéz, E. (1997)",
marquezfarias2005a,"MÁRQUEZ-FARIAS, J.F. & CORRO-ESPINOSA, D. & CASTILLO-GÉNIZ, J.L. (2005) Observations of the Biology of the Pacific Sharpnose Shark (Rhizoprionodon longurio, Jordan and Gilbert, 1882), Captured in Southern Sinaloa, México. Journal of Northwest Atlantic Fishery Science, 35: 107",,title+year,10.2960/j.v35.m506,"Observations of the Biology of the Pacific Sharpnose Shark (Rhizoprionodon longurio, Jordan and Gilbert, 1882), Captured in Southern Sinaloa, México.",2005,"Márquez-Farias, J.F. & Corro-Espinosa, D. & Castillo-Géniz, J.L. (2005)",7499.0
marquezfarias2007,"MÁRQUEZ-FARÍAS, J.F. (2007) Reproductive biology of shovelnose guitarfish Rhinobatos productus from the eastern Gulf of California México. Marine Biology, 151 (4): 1445",,title+year,10.1007/s00227-006-0599-3,Reproductive biology of shovelnose guitarfish Rhinobatos productus from the eastern Gulf of California México.,2007,"Márquez-Farías, J.F. (2007)",7137.0
mathews1975,"MATHEWS, C.P. (1975) Some observations on the ecology of Galeus piperatus Springer and Wagner, a little known shark endemic to the Northern Gulf of California. Journal of Fish Biology, 7 (1): 77",,title+year,10.1111/j.1095-8649.1975.tb04577.x,"Some observations on the ecology of Galeus piperatus Springer and Wagner, a little known shark endemic to the Northern Gulf of California.",1975,"Mathews, C.P. (1975)",4938.0
mccord2009,"MCCORD, M.E. & LAMBERTH, S.J. (2009) Catching and tracking the world's largest Zambezi (bull) shark Carcharhinus leucas in the Breede Estuary, South Africa: the first 43 hours. African Journal of Marine Science, 31 (1): 107",,title+year,10.2989/ajms.2009.31.1.11.782,"Catching and tracking the world's largest Zambezi (bull) shark Carcharhinus leucas in the Breede Estuary, South Africa: the first 43 hours.",2009,"McCord, M.E. & Lamberth, S.J. (2009)",7656.0
medinarosas2014,"MEDINA-ROSAS, P. & ROSA RAYMUNDO-HUIZAR, A. (2014) Primer registro del pez de aguas profundas Harriotta raleighana (Chondrichthyes: Rhinochimaeridae) en la costa de Jalisco, Pacífico mexicano. [First record of the deep-sea fish Harriotta raleighana (Chondrichthyes: Rhinochimaeridae) off Jalisco, Mexican Pacific]. Revista Mexicana de Biodiversidad, 85 (4): 1277",,title+year,10.7550/rmb.46251,"Primer registro del pez de aguas profundas Harriotta raleighana (Chondrichthyes: Rhinochimaeridae) en la costa de Jalisco, Pacífico mexicano. [First record of the deep-sea fish Harriotta raleighana (Chondrichthyes: Rhinochimaeridae) off Jalisco, Mexican Pacific].",2014,"Medina-Rosas, P. & Rosa Raymundo-Huizar, A. (2014)",22055.0
megalofonou2004,"MEGALOFONOU, P. & DAMALAS, D. (2004) Morphological and biological characteristics of a gravid angular rough shark (Oxynotus centrina) and its embryos from the Eastern Mediterranean Sea. Cybium, 28 (2): 105",,title+year,,Morphological and biological characteristics of a gravid angular rough shark (Oxynotus centrina) and its embryos from the Eastern Mediterranean Sea.,2004,"Megalofonou, P. & Damalas, D. (2004)",1625.0
megalofonou2009a,"MEGALOFONOU, P. & DAMALAS, D. & DE METRIO, G. (2009) Biological characteristics of blue shark, Prionace glauca, in the Mediterranean Sea. Journal of the Marine Biological Association of the United Kingdom, 89 (6): 1233",,title+year,10.1017/s0025315409000216,"Biological characteristics of blue shark, Prionace glauca, in the Mediterranean Sea.",2009,"Megalofonou, P. & Damalas, D. & de Metrio, G. (2009)",23844.0
mendizabal1995,"MENDIZÁBAL, J. & ORIZA, D. (1995) Biología Reproductiva, Crecimiento, Mortalidad y Diagnóstico de Alopias vulpinus (Tiburón Zorro) y Carcharhinus limbatus (Tiburón Volador); en la Boca del Golfo de California al Golfo de Tehuantepec, Periodo 1986-1987. Tesis de Maestría en Ciencias. Biología. Fac, de Ciencias. UNAM",,title+year,,"Biología Reproductiva, Crecimiento, Mortalidad y Diagnóstico de Alopias vulpinus (Tiburón Zorro) y Carcharhinus limbatus (Tiburón Volador); en la Boca del Golfo de California al Golfo de Tehuantepec, Periodo 1986-1987.",1995,"Mendizábal, J. & Oriza, D. (1995)",
moore2013a,"MOORE, A.B.M. & PEIRCE, R. (2013) Composition of elasmobranch landings in Bahrain. African Journal of Marine Science, 35 (4): 593",,title+year,10.2989/1814232x.2013.866160,Composition of elasmobranch landings in Bahrain.,2013,"Moore, A.B.M. & Peirce, R. (2013)",20039.0
moura2004,"MOURA, T. & FIGUEIREDO, I. & MACHADO, P.B. & GORDO, L.S. (2004) Growth pattern and reproductive strategy of the holocephalan Chimaera monstrosa along the Portuguese continental slope. Journal of the Marine Biological Association of the United Kingdom, 84 (4): 801",,title+year,10.1017/s002531540400997xh,Growth pattern and reproductive strategy of the holocephalan Chimaera monstrosa along the Portuguese continental slope.,2004,"Moura, T. & Figueiredo, I. & Machado, P.B. & Gordo, L.S. (2004)",15063.0
moura2005,"MOURA, T. & FIGUEIREDO, I. & BORDALO-MACHADO, P. & ALMEIDA, C. & GORDO, L.S. (2005) A new deep-water chimaerid species, Hydrolagus lusitanicus n. sp., from off mainland Portugal with a proposal of a new identification key for the genus Hydrolagus (Holocephali: Chimaeridae) in the north-east Atlantic. Journal of Fish Biology, 67 (3): 742",,title+year,10.1111/j.0022-1112.2005.00774.x,"A new deep-water chimaerid species, Hydrolagus lusitanicus n. sp., from off mainland Portugal with a proposal of a new identification key for the genus Hydrolagus (Holocephali: Chimaeridae) in the north-east Atlantic.",2005,"Moura, T. & Figueiredo, I. & Bordalo-Machado, P. & Almeida, C. & Gordo, L.S. (2005)",3770.0
mourier2013a,"MOURIER, J. & MILLS, S.C. & PLANES, S. (2013) Population structure, spatial distribution and life-history traits of blacktip reef sharks Carcharhinus melanopterus. Journal of Fish Biology, 82 (3): 979",,title+year,10.1111/jfb.12039,"Population structure, spatial distribution and life-history traits of blacktip reef sharks Carcharhinus melanopterus.",2013,"Mourier, J. & Mills, S.C. & Planes, S. (2013)",17856.0
nakaya1978,"NAKAYA, K. & BASS, A.J. (1978) The Frill Shark Chlamydoselachus anguineus in New Zealand seas. New Zealand Journal of Marine and Freshwater Research, 12 (4): 397",,title+year,,The Frill Shark Chlamydoselachus anguineus in New Zealand seas.,1978,"Nakaya, K. & Bass, A.J. (1978)",1770.0
natanson1995,"NATANSON, L.J. & CASEY, J.G. & KOHLER, N.E. (1995) Age and growth estimates for the dusky shark, Carcharhinus obscurus, in the western North Atlantic Ocean. Fishery Bulletin, 93 (1): 116",,title+year,,"Age and growth estimates for the dusky shark, Carcharhinus obscurus, in the western North Atlantic Ocean.",1995,"Natanson, L.J. & Casey, J.G. & Kohler, N.E. (1995)",5549.0
natanson1996,"NATANSON, L.J. & KOHLER, N.E. (1996) A preliminary estimate of age and Size of the dusky shark (Carcharhinus obscurus) from the southwest Indian Ocean, with comparisons to the western North Atlantic population. South African Journal of Marine Science, 17 (1): 217",,title+year,10.2989/025776196784158572,"A preliminary estimate of age and Size of the dusky shark (Carcharhinus obscurus) from the southwest Indian Ocean, with comparisons to the western North Atlantic population.",1996,"Natanson, L.J. & Kohler, N.E. (1996)",5932.0
natanson2014,"NATANSON, L.J. & ADAMS, D.H. & WINTON, M.V. & MAURER, J.R. (2014) Age and Growth of the Bull Shark in the Western North Atlantic Ocean. Transactions of the American Fisheries Society, 143 (3): 732",,title+year,10.1080/00028487.2014.892537,Age and Growth of the Bull Shark in the Western North Atlantic Ocean.,2014,"Natanson, L.J. & Adams, D.H. & Winton, M.V. & Maurer, J.R. (2014)",20978.0
nunes2016,"NUNES, J. L. S. & RINCON, G. & PIORSKI, N.M. & MARTINS, A.P.B. (2016) Near-term embryos in a Pristis pristis (Elasmobranchii: Pristidae) from Brazil. Journal of Fish Biology, 89 (1): 1112",,title+year,10.1111/jfb.12946,Near-term embryos in a Pristis pristis (Elasmobranchii: Pristidae) from Brazil.,2016,"Nunes, J.L.S. & Rincon, G. & Piorski, N.M. & Martins, A.P.B. (2016)",23920.0
orlov2011d,"ORLOV, A.M. & KULISH, E.F. & MUKHAMETOV, I.N. & SHUBIN, O.A. (2011) Age and Size of spiny dogfish Squalus acanthias (Squalidae, Chondrichthyes) in pacific waters off the Kuril Islands. Journal of Ichthyology, 51 (1): 42",,title+year,10.1134/s0032945210061049,"Age and Size of spiny dogfish Squalus acanthias (Squalidae, Chondrichthyes) in pacific waters off the Kuril Islands.",2011,"Orlov, A.M. & Kulish, E.F. & Mukhametov, I.N. & Shubin, O.A. (2011)",12438.0
parsons2002,"PARSONS, G.R. & INGRAM, G.W. & HAVARD, R. (2002) First record of the goblin shark Mitsukurina owstoni, Jordan (Family Mitsukurinidae) in the Gulf of Mexico. Southeastern Naturalist, 1 (2): 189",,title+year,10.1656/1528-7092(2002)001[0189:frotgs]2.0.co;2,"First record of the goblin shark Mitsukurina owstoni, Jordan (Family Mitsukurinidae) in the Gulf of Mexico.",2002,"Parsons, G.R. & Ingram, G.W. & Havard, R. (2002)",16980.0
perezjimenez2011,"PÉREZ-JIMÉNEZ, J.C. (2011) Reproductive biology of the cownose ray Rhinoptera bonasus (Elasmobranchii) in the Southeastern Gulf of Mexico. Hidrobiológica, 21 (2): 159",,title+year,,Reproductive biology of the cownose ray Rhinoptera bonasus (Elasmobranchii) in the Southeastern Gulf of Mexico.,2011,"Pérez-Jiménez, J.C. (2011)",14548.0
peverell2005,"PEVERELL, S.C. (2005) Distribution of sawfishes (Pristidae) in the Queensland Gulf of Carpentaria, Australia, with notes on sawfish ecology. Environmental Biology of Fishes, 73 (4): 391",,title+year,10.1007/s10641-005-1599-8,"Distribution of sawfishes (Pristidae) in the Queensland Gulf of Carpentaria, Australia, with notes on sawfish ecology.",2005,"Peverell, S.C. (2005)",2990.0
peverell2009,"PEVERELL, S.C. (2008) Sawfish (Pristidae) of the Gulf of Carpentaria, Queensland Australia. MSc Thesis, James Cook University",,title+year,,"Sawfish (Pristidae) of the Gulf of Carpentaria, Queensland Australia.",2008,"Peverell, S.C. (2008)",
piercy2010,"PIERCY, A.N. & CARLSON, J.K. & PASSEROTTI, M.S. (2010) Age and growth of the great hammerhead shark, Sphyrna mokarran, in the north-westernAtlantic Ocean and Gulf of Mexico. Marine and Freshwater Research, 61 (9): 992",,title+year,10.1071/mf09227,"Age and growth of the great hammerhead shark, Sphyrna mokarran, in the north-westernAtlantic Ocean and Gulf of Mexico.",2010,"Piercy, A.N. & Carlson, J.K. & Passerotti, M.S. (2010)",10241.0
pogonoski2002,"POGONOSKI, J.J. & POLLARD, D.A. & PAXTON, J.R. (2002) Conservation overview and action plan for Australian threatened and potentially threatened marine and estuarine fishies. Commonwealth of Australia 2002, ISBN 0 642 54786 6",,title+year,,Conservation overview and action plan for Australian threatened and potentially threatened marine and estuarine fishies.,2002,"Pogonoski, J.J. & Pollard, D.A. & Paxton, J.R. (2002)",18061.0
polancovasquez2017,"POLANCO-VÁSQUEZ, F. & HACOHEN-DOMENÉ, A. & MÉNDEZ, T. & PACAY, A. & GRAHAM, R.T. (2017) First record of the chimaera Neoharriota carri (Bullis and Carpenter 1966) in the Caribbean of Guatemala. Marine Biodiversity Records, 10: 1",,title+year,10.1186/s41200-016-0104-8,First record of the chimaera Neoharriota carri (Bullis and Carpenter 1966) in the Caribbean of Guatemala.,2017,"Polanco-Vásquez, F. & Hacohen-Domené, A. & Méndez, T. & Pacay, A. & Graham, R.T. (2017)",25054.0
poulakis2011,"POULAKIS, G.R. & STEVENS, P.W. & TIMMERS, A.A. & WILEY, T.R. & SIMPFENDORFER, C.A. (2011) Abiotic affinities and spatiotemporal distribution of the endangered smalltooth sawfish, Pristis pectinata, in a south-western Florida nursery. Marine and Freshwater Research, 62 (10): 1165",,title+year,10.1071/mf11008,"Abiotic affinities and spatiotemporal distribution of the endangered smalltooth sawfish, Pristis pectinata, in a south-western Florida nursery.",2011,"Poulakis, G.R. & Stevens, P.W. & Timmers, A.A. & Wiley, T.R. & Simpfendorfer, C.A. (2011)",14018.0
pratt1979,"PRATT, H.L. (1979) Reproduction in the blue shark, Prionace glauca. Fishery Bulletin, 77 (2): 445",,title+year,,"Reproduction in the blue shark, Prionace glauca.",1979,"Pratt, H.L. (1979)",2844.0
psomadakis2009a,"PSOMADAKIS, P.N. & VACCHI, M. & DI MUCCIO, S. & SARÀ, M. (2009) First historical record of Carcharhinus brachyurus (Chondrichthyes, Carcharhiniformes) in the Mediterranean Sea. Italian Journal of Zoology, 76 (2): 201",,title+year,10.1080/11250000802364673,"First historical record of Carcharhinus brachyurus (Chondrichthyes, Carcharhiniformes) in the Mediterranean Sea.",2009,"Psomadakis, P.N. & Vacchi, M. & Di Muccio, S. & Sarà, M. (2009)",17473.0
quaranta2006,"QUARANTA, K.L. & DIDIER, D.A. & LONG, D.J. & EBERT, D.A. (2006) A new species of chimaeroid, Hydrolagus alphus sp. nov. (Chimaeriformes: Chimaeridae) from the Galapagos Islands. Zootaxa, 1377: 33",,title+year,,"A new species of chimaeroid, Hydrolagus alphus sp. nov. (Chimaeriformes: Chimaeridae) from the Galapagos Islands.",2006,"Quaranta, K.L. & Didier, D.A. & Long, D.J. & Ebert, D.A. (2006)",3925.0
randall1977,"RANDALL, J.E. (1977) Contribution to the Biology of the Whitetip Reef Shark (Triaenodon obesus). Pacific Science, 31 (2): 143",,title+year,,Contribution to the Biology of the Whitetip Reef Shark (Triaenodon obesus).,1977,"Randall, J.E. (1977)",2959.0
ribotcarballal2005,"RIBOT-CARBALLAL, M.C. & GALVÁN-MAGAÑA, F. & QUINONEZ-VELAZQUEZ, C. (2005) Age and growth of the shortfin mako shark, Isurus oxyrinchus, from the western coast of Baja California Sur, Mexico. Fisheries Research, 76 (1): 14",,title+year,10.1016/j.fishres.2005.05.004,"Age and growth of the shortfin mako shark, Isurus oxyrinchus, from the western coast of Baja California Sur, Mexico.",2005,"Ribot-Carballal, M.C. & Galván-Magaña, F. & Quinonez-Velazquez, C. (2005)",6477.0
rincon2012,"RINCON, G. & VASKE-JÚNIOR, T. & GADIG, O.B.F. (2012) Record of the goblin shark Mitsukurina owstoni (Chondrichthyes: Lamniformes: Mitsukurinidae) from the south-western Atlantic. Marine Biodiversity Records, 5: e44",,title+year,10.1017/s1755267211000923,Record of the goblin shark Mitsukurina owstoni (Chondrichthyes: Lamniformes: Mitsukurinidae) from the south-western Atlantic.,2012,"Rincon, G. & Vaske-Júnior, T. & Gadig, O.B.F. (2012)",15720.0
romerocaicedo2016,"ROMERO-CAICEDO, A.F. & GALVÁN-MAGAÑA, F. & HERNÁNDEZ-HERRERA, A. & CARRERA-FERNÁNDEZ, M. (2016) Reproductive parameters of the Pacific angel shark Squatina californica (Selachii: Squatinidae). Journal of Fish Biology, 88 (4): 1430",,title+year,10.1111/jfb.12920,Reproductive parameters of the Pacific angel shark Squatina californica (Selachii: Squatinidae).,2016,"Romero-Caicedo, A.F. & Galván-Magaña, F. & Hernández-Herrera, A. & Carrera-Fernández, M. (2016)",23796.0
sanchezdeita2011,"SÁNCHEZ-DE ITA, J.A. & QUIÑÓNEZ-VELÁZQUEZ, C. & GALVÁN-MAGAÑA, F. & BOCANEGRA-CASTILLO, N. & FÉLIX-URAGA, R. (2011) Age and Size of the silky shark Carcharhinus falciformis from the west coast of Baja California Sur, Mexico. Journal of Applied Ichthyology, 27 (1): 20",,title+year,10.1111/j.1439-0426.2010.01569.x,"Age and Size of the silky shark Carcharhinus falciformis from the west coast of Baja California Sur, Mexico.",2011,"Sánchez-de Ita, J.A. & Quiñónez-Velázquez, C. & Galván-Magaña, F. & Bocanegra-Castillo, N. & Félix-Uraga, R. (2011)",12277.0
schaller2006,"SCHALLER, P. (2006) Husbandry and reproduction of Whitetip reef sharks Triaenodon obesus at Steinhart Aquarium, San Francisco. International Zoo Yearbook, 40 (1): 232",,title+year,10.1111/j.1748-1090.2006.00232.x,"Husbandry and reproduction of Whitetip reef sharks Triaenodon obesus at Steinhart Aquarium, San Francisco.",2006,"Schaller, P. (2006)",13520.0
scharer2012,"SCHARER, R.M. & PATTERSON, W.F. & CARLSON, J.K. & POULAKIS, G.R. (2012) Age and Growth of Endangered Smalltooth Sawfish (Pristis pectinata) Verified with LA-ICP-MS Analysis of Vertebrae. PLoS ONE, 7 (10): e47850",,title+year,10.1371/journal.pone.0047850,Age and Growth of Endangered Smalltooth Sawfish (Pristis pectinata) Verified with LA-ICP-MS Analysis of Vertebrae.,2012,"Scharer, R.M. & Patterson, W.F. & Carlson, J.K. & Poulakis, G.R. (2012)",17303.0
shao1997a,"SHAO, K.-W. & HWANG, D.-F. (1997) Rhinochimaera pacifica (Chimaeriformes, Rhinochimaeridae): the first rhinochimaerid recorded from Taiwan. Acta Zoologica Taiwanica, 8 (2): 97",,title+year,,"Rhinochimaera pacifica (Chimaeriformes, Rhinochimaeridae): the first rhinochimaerid recorded from Taiwan.",1997,"Shao, K.-W. & Hwang, D.-F. (1997)",3570.0
simpfendorfer1992,"SIMPFENDORFER, C.A. (1992) Biology of Tiger Sharks (Galeocerdo cuvier) caught by the Queensland Shark Meshing Program off Townsville, Australia. Australian Journal of Marine and Freshwater Research, 43 (1): 33",,title+year,10.1071/mf9920033,"Biology of Tiger Sharks (Galeocerdo cuvier) caught by the Queensland Shark Meshing Program off Townsville, Australia.",1992,"Simpfendorfer, C.A. (1992)",5034.0
simpfendorfer1993,"SIMPFENDORFER, C.A. (1993) Pandarid copepods parasitic on sharks from north Queensland waters. Memoirs of the Queensland Museum, 33 (1): 290",,title+year,,Pandarid copepods parasitic on sharks from north Queensland waters.,1993,"Simpfendorfer, C.A. (1993)",16569.0
simpfendorfer2000,"SIMPFENDORFER, C.A. (2000) Predicting Population Recovery Rates for Endangered Western Atlantic Sawfishes Using Demographic Analysis. Environmental Biology of Fishes, 58 (4): 371",,title+year,10.1023/a:1007675111597,Predicting Population Recovery Rates for Endangered Western Atlantic Sawfishes Using Demographic Analysis.,2000,"Simpfendorfer, C.A. (2000)",7235.0
simpfendorfer2000a,"SIMPFENDORFER, C.A. (2000) Growth rates of juvenile dusky sharks, Carcharhinus obscurus (Lesueur, 1818), from southwestern Australia estimated from tag-recapture data. Fishery Bulletin, 98 (4): 811",,title+year,,"Growth rates of juvenile dusky sharks, Carcharhinus obscurus (Lesueur, 1818), from southwestern Australia estimated from tag-recapture data.",2000,"Simpfendorfer, C.A. (2000)",5891.0
simpfendorfer2002c,"SIMPFENDORFER, C.A. & MCAULEY, R.B. & CHIDLOW, J.A. & UNSWORTH, P. (2002) Validated age and growth of the dusky shark, Carcharhinus obscurus, from Western Australian waters. Marine and Freshwater Research, 53 (2): 567",,title+year,10.1071/mf01131,"Validated age and growth of the dusky shark, Carcharhinus obscurus, from Western Australian waters.",2002,"Simpfendorfer, C.A. & McAuley, R.B. & Chidlow, J.A. & Unsworth, P. (2002)",5063.0
simpfendorfer2008a,"SIMPFENDORFER, C.A. & POULAKIS, G.R. & O'DONNELL, P.M. & WILEY, T.R. (2008) Growth rates of juvenile smalltooth sawfish Pristis pectinata Latham in the western Atlantic. Journal of Fish Biology, 72 (3): 711",,title+year,10.1111/j.1095-8649.2007.01764.x,Growth rates of juvenile smalltooth sawfish Pristis pectinata Latham in the western Atlantic.,2008,"Simpfendorfer, C.A. & Poulakis, G.R. & O'Donnell, P.M. & Wiley, T.R. (2008)",1252.0
skomal2003,"SKOMAL, G.B. & NATANSON, L.J. (2003) Age and growth of the blue shark (Prionace glauca) in the North Atlantic Ocean. Fishery Bulletin, 101 (3): 627",,title+year,,Age and growth of the blue shark (Prionace glauca) in the North Atlantic Ocean.,2003,"Skomal, G.B. & Natanson, L.J. (2003)",23351.0
smart2014,"SMART, J.J. & HARRY, A.V. & TOBIN, A.J. & SIMPFENDORFER, C.A. (2014) Overcoming the constraints of low sample sizes to produce age and growth data for rare or threatened sharks. Aquatic Conservation: Marine and Freshwater Ecosystems, 23 (1): 124",,title+year,10.1002/aqc.2274,Overcoming the constraints of low sample sizes to produce age and growth data for rare or threatened sharks.,2014,"Smart, J.J. & Harry, A.V. & Tobin, A.J. & Simpfendorfer, C.A. (2014)",16877.0
smart2015,"SMART, J.J. & CHIN, A. & TOBIN, A.J. & SIMPFENDORFER, C.A. & WHITE, W.T. (2015) Age and growth of the common blacktip shark Carcharhinus limbatus from Indonesia, incorporating an improved approach to comparing regional population growth rates. African Journal of Marine Science, 37 (2): 177",,title+year,10.2989/1814232x.2015.1025428,"Age and growth of the common blacktip shark Carcharhinus limbatus from Indonesia, incorporating an improved approach to comparing regional population growth rates.",2015,"Smart, J.J. & Chin, A. & Tobin, A.J. & Simpfendorfer, C.A. & White, W.T. (2015)",22867.0
soto2004b,"SOTO, J.M.R. & VOOREN, C.M. (2004) Hydrolagus matallanasi sp. nov. (Holocephali, Chimaeridae) a new species of rabbitfish from southern Brazil. Zootaxa, 687: 1",,title+year,,"Hydrolagus matallanasi sp. nov. (Holocephali, Chimaeridae) a new species of rabbitfish from southern Brazil.",2004,"Soto, J.M.R. & Vooren, C.M. (2004)",3938.0
sotolopez2018,"SOTO-LOPEZ, K. & OCHOA-BAEZ, R.I. & TOVAR-AVILA, J. & GALVAN-MAGANA, F. (2018) Reproductive biology of the brown smooth-hound shark, Mustelus henlei (Chondrichthyes: Triakidae), off northwestern Mexico based on macroscopic and histological analyses. Ciencias Marinas, 44 (2): 125-139",,title+year,10.7773/cm.v44i2.2805,"Reproductive biology of the brown smooth-hound shark, Mustelus henlei (Chondrichthyes: Triakidae), off northwestern Mexico based on macroscopic and histological analyses.",2018,"Soto-Lopez, K. & Ochoa-Baez, R.I. & Tovar-Avila, J. & Galvan-Magana, F. (2018)",26443.0
stevens1989d,"STEVENS, J.D. & LYLE, J.M. (1989) Biology of three hammerhead sharks (Eusphyra blochii, Sphyrna mokarran and S. lewini) from Northern Australia. Australian Journal of Marine and Freshwater Research, 40 (2): 129",,title+year,10.1071/mf9890129,"Biology of three hammerhead sharks (Eusphyra blochii, Sphyrna mokarran and S. lewini) from Northern Australia.",1989,"Stevens, J.D. & Lyle, J.M. (1989)",4207.0
stevens1991a,"STEVENS, J.D. & MCLOUGHLIN, K.J. (1991) Distribution, size and sex composition, reproductive biology and diet of sharks from northern Australia. Australian Journal of Marine and Freshwater Research, 42 (2): 151",,title+year,10.1071/mf9910151,"Distribution, size and sex composition, reproductive biology and diet of sharks from northern Australia.",1991,"Stevens, J.D. & McLoughlin, K.J. (1991)",4203.0
suresh2012a,"SURESH, T.V. & RAFFI, S.M. (2012) First record of long nose chimaera Neoharriotta pinnata (Chondrichthys: Chimaeriformes: Rhinochimaeridae), from Bay of Bengal, India (north-eastern Indian Ocean). Marine Biodiversity Records, 5: e27",,title+year,10.1017/s1755267212000115,"First record of long nose chimaera Neoharriotta pinnata (Chondrichthys: Chimaeriformes: Rhinochimaeridae), from Bay of Bengal, India (north-eastern Indian Ocean).",2012,"Suresh, T.V. & Raffi, S.M. (2012)",15390.0
tan1998,"TAN, H.H. & LIM, K.K.P. (1998) Freshwater elasmobranchs from the Batang Hari basin of Central Sumatra, Indonesia. Raffles Bulletin of Zoology, 46 (2): 425",,title+year,,"Freshwater elasmobranchs from the Batang Hari basin of Central Sumatra, Indonesia.",1998,"Tan, H.H. & Lim, K.K.P. (1998)",4567.0
tanaka1990d,"TANAKA, SHO & SHIOBARA, Y. & HIOKI, S. & ABE, H. & NISHI, G. & YANO, K. & SUZUKI, K. (1990) The reproductive biology of the frilled shark, Chlamydoselachus anguineus, from Suruga Bay, Japan. Japanese Journal of Ichthyology, 37 (3): 273",,title+year,,"The reproductive biology of the frilled shark, Chlamydoselachus anguineus, from Suruga Bay, Japan.",1990,"Tanaka, Sho & Shiobara, Y. & Hioki, S. & Abe, H. & Nishi, G. & Yano, K. & Suzuki, K. (1990)",2335.0
tanaka1991,"TANAKA, SHO (1991) Age estimation of freshwater sawfish and sharks in northern Australia and Papua New Guinea. In: Shimizu, M. and Taniuchi, T. (eds.). Studies on Elasmobranchs Collected from Seven River Systems in Northern Australia and Papua New Guinea. University Museum, University of Tokyo. Nature Culture, 3: 71",,title+year,,Age estimation of freshwater sawfish and sharks in northern Australia and Papua New Guinea.,1991,"Tanaka, Sho (1991)",7241.0
taniuchi1991a,"TANIUCHI, T. & KANN, T.T. & TANAKA, SHO & OTAKE, T. (1991) Collection and measurement data and diagnostic characters of elasmobranchs collected from three river systems in Papua New Guinea. In: Shimizu, M. and Taniuchi, T. (eds.). Studies on Elasmobranchs Collected from Seven River Systems in Northern Australia and Papua New Guinea. University Museum, University of Tokyo. Nature Culture, 3: 27",,title+year,,Collection and measurement data and diagnostic characters of elasmobranchs collected from three river systems in Papua New Guinea.,1991,"Taniuchi, T. & Kann, T.T. & Tanaka, Sho & Otake, T. (1991)",20461.0
taniuchi2003,"TANIUCHI, T. & ISHIHARA, H. & TANAKA, SHO & HYODO, S. & MURAKAMI, M. & SÉRET, B. (2003) Occurrence of two species of Elasmobranchs, Carcharinus leucas and Pristis microdon, in Betsiboka River, West Madagascar. Cybium, 27 (3): 237",,title+year,,"Occurrence of two species of Elasmobranchs, Carcharinus leucas and Pristis microdon, in Betsiboka River, West Madagascar.",2003,"Taniuchi, T. & Ishihara, H. & Tanaka, Sho & Hyodo, S. & Murakami, M. & Séret, B. (2003)",2344.0
tavares2005,"TAVARES, R. (2005) Abundance and distribution of sharks in Los Roques Archipelago National Park and other Venezuelan oceanic islands, 1997-1998. Ciencias Marinas, 31 (2): 441",,title+year,,"Abundance and distribution of sharks in Los Roques Archipelago National Park and other Venezuelan oceanic islands, 1997-1998.",2005,"Tavares, R. (2005)",5654.0
tavares2009,"TAVARES, R. (2009) Fishery biology of the Caribbean reef sharks, Carcharhinus perezi (Poey, 1876), in a Caribbean insular platform: Los Roques Archipelago National Park, Venezuela. Pan-American Journal of Aquatic Sciences, 4 (4): 500",,title+year,,"Fishery biology of the Caribbean reef sharks, Carcharhinus perezi (Poey, 1876), in a Caribbean insular platform: Los Roques Archipelago National Park, Venezuela.",2009,"Tavares, R. (2009)",7058.0
taylor2016,"TAYLOR, S.M. & HARRY, A.V. & BENNETT, M.B. (2016) Living on the edge: latitudinal variations in the reproductive biology of two coastal species of sharks. Journal of Fish Biology, 89 (5): 2399",,title+year,10.1111/jfb.13126,Living on the edge: latitudinal variations in the reproductive biology of two coastal species of sharks.,2016,"Taylor, S.M. & Harry, A.V. & Bennett, M.B. (2016)",24458.0
thorburn2004a,"THORBURN, D.C. & MORGAN, D.L. & GILL, H. (2004) Biology and cultural significance of the freshwater sawfish (Pristis microdon) in the Fitzroy River Kimberley, Western Australia. Freshwater Fish Group at the Centre for Fish & Fisheries Research 57 pp.",,title+year,,"Biology and cultural significance of the freshwater sawfish (Pristis microdon) in the Fitzroy River Kimberley, Western Australia.",2004,"Thorburn, D.C. & Morgan, D.L. & Gill, H. (2004)",7237.0
thorburn2007,"THORBURN, D.C. & MORGAN, D.L. & ROWLAND, A.J. & GILL, H.S. (2007) Freshwater Sawfish Pristis microdon Latham, 1794 (Chondrichthyes: Pristidae) in the Kimberley region of Western Australia. Zootaxa, 1471: 27",,title+year,,"Freshwater Sawfish Pristis microdon Latham, 1794 (Chondrichthyes: Pristidae) in the Kimberley region of Western Australia.",2007,"Thorburn, D.C. & Morgan, D.L. & Rowland, A.J. & Gill, H.S. (2007)",2383.0
thorburn2008,"THORBURN, D.C. & MORGAN, D.L. & ROWLAND, A.J. & GILL, H.S. & PALING, E. (2008) Life history notes of the critically endangered dwarf sawfish, Pristis clavata, Garman 1906 from the Kimberley region of Western Australia. Environmental Biology of Fishes, 83 (2): 139",,title+year,10.1007/s10641-007-9306-6,"Life history notes of the critically endangered dwarf sawfish, Pristis clavata, Garman 1906 from the Kimberley region of Western Australia.",2008,"Thorburn, D.C. & Morgan, D.L. & Rowland, A.J. & Gill, H.S. & Paling, E. (2008)",7089.0
thorson1976a,"THORSON, T.B. (1976) Observations on the reproduction of the sawfish, Pristis perotteti, in Lake Nicaragua, with recommendations for its conservation. In: Investigation of the ichthyofauna of Nicaraguan lakes, edited by T.B. Thorson. Lincoln, Nebraska, University of Nebraska Press: 641",,title+year,,"Observations on the reproduction of the sawfish, Pristis perotteti, in Lake Nicaragua, with recommendations for its conservation.",1976,"Thorson, T.B. (1976)",5204.0
thorson1982a,"THORSON, T.B. (1982) Life history implications of a tagging study of the largetooth sawfish, Pristis perotteti, in the Lake Nicaragua-Río San Juan system. Environmental Biology of Fishes, 7 (3): 207",,title+year,10.1007/bf00002497,"Life history implications of a tagging study of the largetooth sawfish, Pristis perotteti, in the Lake Nicaragua-Río San Juan system.",1982,"Thorson, T.B. (1982)",7081.0
tovaravila2009,"TOVAR-ÁVILA, J. & ARENAS-FUENTES, V. & CHIAPPA-CARRARA, X. (2009) Edad y crecimiento del tiburón puntas negras, Carcharhinus limbatus, en el Golfo de México. Ciencia Pesquera, 17 (1): 47",,title+year,,"Edad y crecimiento del tiburón puntas negras, Carcharhinus limbatus, en el Golfo de México.",2009,"Tovar-Ávila, J. & Arenas-Fuentes, V. & Chiappa-Carrara, X. (2009)",5944.0
tricas1985a,"TRICAS, T.C. & LEFEUVRE, E.M. (1985) Mating in the reef white-tip shark Triaenodon obesus. Marine Biology, 84 (3): 233",,title+year,10.1007/bf00392492,Mating in the reef white-tip shark Triaenodon obesus.,1985,"Tricas, T.C. & Lefeuvre, E.M. (1985)",5317.0
villavicenciogarayzar1993a,"VILLAVICENCIO-GARAYZAR, C.J. (1993) Biología reproductiva de Rhinobatos productus (Pisces: Rhinobatidae), en Bahía Almejas, Baja California Sur, México. Revista de Biología Tropical, 41: 777",,title+year,,"Biología reproductiva de Rhinobatos productus (Pisces: Rhinobatidae), en Bahía Almejas, Baja California Sur, México.",1993,"Villavicencio-Garayzar, C.J. (1993)",6408.0
walovich2015,"WALOVICH, K.A. & EBERT, D.A. & LONG, D.J. & DIDIER, D.A. (2015) Redescription of Hydrolagus africanus (Gilchrist, 1922) (Chimaeriformes: Chimaeridae), with a review of southern African chimaeroids and a key to their identification. African Journal of Marine Science, 37 (2): 157",,title+year,10.2989/1814232x.2015.1033012,"Redescription of Hydrolagus africanus (Gilchrist, 1922) (Chimaeriformes: Chimaeridae), with a review of southern African chimaeroids and a key to their identification.",2015,"Walovich, K.A. & Ebert, D.A. & Long, D.J. & Didier, D.A. (2015)",22850.0
walovich2017,"WALOVICH, K.A. & EBERT, D.A. & KEMPER, J.M. (2017) Hydrolagus erithacus sp. nov. (Chimaeriformes: Chimaeridae), a new species of chimaerid from the southeastern Atlantic and southwestern Indian oceans. Zootaxa, 4226 (4): 509",,title+year,10.11646/zootaxa.4226.4.4,"Hydrolagus erithacus sp. nov. (Chimaeriformes: Chimaeridae), a new species of chimaerid from the southeastern Atlantic and southwestern Indian oceans.",2017,"Walovich, K.A. & Ebert, D.A. & Kemper, J.M. (2017)",25062.0
walter1991,"WALTER, J.P. & EBERT, D.A. (1991) Preliminary estimates of age of the bronze whaler Carcharhinus brachyurus (Chondrichthyes: Carcharhinidae) from southern Africa, with a review of some life history parameters. South African Journal of Marine Science, 10 (1): 37",,title+year,10.2989/02577619109504617,"Preliminary estimates of age of the bronze whaler Carcharhinus brachyurus (Chondrichthyes: Carcharhinidae) from southern Africa, with a review of some life history parameters.",1991,"Walter, J.P. & Ebert, D.A. (1991)",4473.0
wetherbee1996b,"WETHERBEE, B.M. & CROW, G.L. & LOWE, C.G. (1996) Biology of the Galapagos shark, Carcharhinus galapagensis, in Hawai'i. Environmental Biology of Fishes, 45 (3): 299",,title+year,10.1007/bf00003099,"Biology of the Galapagos shark, Carcharhinus galapagensis, in Hawai'i.",1996,"Wetherbee, B.M. & Crow, G.L. & Lowe, C.G. (1996)",5603.0
white2007a,"WHITE, W.T. (2007) Catch composition and reproductive biology of whaler sharks (Carcharhiniformes: Carcharhinidae) caught by fisheries in Indonesia. Journal of Fish Biology, 71 (5): 1512",,title+year,10.1111/j.1095-8649.2007.01623.x,Catch composition and reproductive biology of whaler sharks (Carcharhiniformes: Carcharhinidae) caught by fisheries in Indonesia.,2007,"White, W.T. (2007)",3478.0
white2007b,"WHITE, W.T. (2007) Aspects of the biology of carcharhiniform sharks in Indonesian waters. Journal of the Marine Biological Association of the United Kingdom, 87 (5): 1269",,title+year,10.1017/s0025315407058572,Aspects of the biology of carcharhiniform sharks in Indonesian waters.,2007,"White, W.T. (2007)",3477.0
white2008a,"WHITE, W.T. & BARTRON, C. & POTTER, I.C. (2008) Catch composition and reproductive biology of Sphyrna lewini (Carcharhiniformes, Sphyrnidae) in Indonesian waters. Journal of Fish Biology, 72 (7): 1675",,title+year,10.1111/j.1095-8649.2008.01843.x,"Catch composition and reproductive biology of Sphyrna lewini (Carcharhiniformes, Sphyrnidae) in Indonesian waters.",2008,"White, W.T. & Bartron, C. & Potter, I.C. (2008)",3475.0
white2010b,"WHITE, W.T. & LAST, P.R. & LIM, A.P.K. (2010) Rediscovery of the rare and endangered Borneo Shark Carcharhinus borneensis (Bleeker, 1858) (Carcharhiniformes: Carcharhinidae). CSIRO Marine and Atmospheric Research Paper, 32: 17",,title+year,,"Rediscovery of the rare and endangered Borneo Shark Carcharhinus borneensis (Bleeker, 1858) (Carcharhiniformes: Carcharhinidae).",2010,"White, W.T. & Last, P.R. & Lim, A.P.K. (2010)",9059.0
white2010d,"WHITE, W.T. & LAST, P.R. & NAYLOR, G.J.P. & HARRIS, M. (2010) Resurrection and redescription of the Borneo Broadfin Shark Lamiopsis tephrodes (Fowler, 1905) (Carcharhiniformes: Carcharhinidae). CSIRO Marine and Atmospheric Research Paper, 32: 45",,title+year,,"Resurrection and redescription of the Borneo Broadfin Shark Lamiopsis tephrodes (Fowler, 1905) (Carcharhiniformes: Carcharhinidae).",2010,"White, W.T. & Last, P.R. & Naylor, G.J.P. & Harris, M. (2010)",9061.0
whitney2007,"WHITNEY, N.M. & CROW, G.L. (2007) Reproductive biology of the tiger shark (Galeocerdo cuvier) in Hawaii. Marine Biology, 151 (1): 63",,title+year,10.1007/s00227-006-0476-0,Reproductive biology of the tiger shark (Galeocerdo cuvier) in Hawaii.,2007,"Whitney, N.M. & Crow, G.L. (2007)",6930.0
whitney2012a,"WHITNEY, N.M. & PYLE, R.L. & HOLLAND, K.N. & BARCZ, J.T. (2012) Movements, reproductive seasonality, and fisheries interactions in the whitetip reef shark (Triaenodon obesus) from community-contributed photographs. Environmental Biology of Fishes, 93 (1): 121",,title+year,10.1007/s10641-011-9897-9,"Movements, reproductive seasonality, and fisheries interactions in the whitetip reef shark (Triaenodon obesus) from community-contributed photographs.",2012,"Whitney, N.M. & Pyle, R.L. & Holland, K.N. & Barcz, J.T. (2012)",14718.0
wiley2010,"WILEY, T.R. & SIMPFENDORFER, C.A. (2010) Using public encounter data to direct recovery efforts for the endangered smalltooth sawfish Pristis pectinata. Endangered Species Research, 12, 179-191",,title+year,10.3354/esr00303,Using public encounter data to direct recovery efforts for the endangered smalltooth sawfish Pristis pectinata.,2010,"Wiley, T.R. & Simpfendorfer, C.A. (2010)",25591.0
yano1985a,"YANO, K. & MUROFUSHI, M. (1985) A new prickly dogfish, Oxynotus japonicus, from Japan. Japanese Journal of Ichthyology, 32 (2): 129",,title+year,10.1007/bf02938444,"A new prickly dogfish, Oxynotus japonicus, from Japan.",1985,"Yano, K. & Murofushi, M. (1985)",3744.0
yano2002a,"YANO, K. & MATSUURA, K. & TSUKADA, O. (2002) Redescription of the rare squaloid shark Oxynotus japonicus from Suruga Bay and the Enshu-nada Sea, Japan. Species Diversity, 7 (4): 363",,title+year,,"Redescription of the rare squaloid shark Oxynotus japonicus from Suruga Bay and the Enshu-nada Sea, Japan.",2002,"Yano, K. & Matsuura, K. & Tsukada, O. (2002)",3885.0
yano2003b,"YANO, K. & MOCHIZUKI, K. & TSUKADA, O. & SUZUKI, K. (2003) Further description and notes of natural history of the viper dogfish, Trigonognathus kabeyai from the Kumano-nada Sea and the Ogasawara Islands, Japan (Chondrichthyes: Etmopteridae). Ichthyological Research, 50 (3): 251",,title+year,10.1007/s10228-003-0165-7,"Further description and notes of natural history of the viper dogfish, Trigonognathus kabeyai from the Kumano-nada Sea and the Ogasawara Islands, Japan (Chondrichthyes: Etmopteridae).",2003,"Yano, K. & Mochizuki, K. & Tsukada, O. & Suzuki, K. (2003)",3720.0
yigin2016,"YIGIN, C.C. & ISMEN, A. (2016) Age and Growth of Spiny Dogfish Squalus acanthias (Squalidae: Chondrichthyes) in the North Aegean Sea. Pakistan Journal of Zoology, 48 (4): 1185",,title+year,,Age and Growth of Spiny Dogfish Squalus acanthias (Squalidae: Chondrichthyes) in the North Aegean Sea.,2016,"Yigin, C.C. & Ismen, A. (2016)",24199.0
